Time, NodeID, Gender, AgeYears, IPKey=Risk, NumIndividuals, NumInfected
0,2,M,40, High,1454,0
0,2,M,40, Low,630,0
0,2,M,80, High,277,0
0,2,M,80, Low,105,0
0,2,M,125, High,36,0
0,2,M,125, Low,32,0
0,2,F,40, High,1420,0
0,2,F,40, Low,641,0
0,2,F,80, High,232,0
0,2,F,80, Low,101,0
0,2,F,125, High,55,0
0,2,F,125, Low,17,0
0,1,M,40, High,390,0
0,1,M,40, Low,1622,0
0,1,M,80, High,78,0
0,1,M,80, Low,297,0
0,1,M,125, High,14,0
0,1,M,125, Low,67,0
0,1,F,40, High,441,0
0,1,F,40, Low,1628,0
0,1,F,80, High,68,0
0,1,F,80, Low,307,0
0,1,F,125, High,14,0
0,1,F,125, Low,74,0
1,2,M,40, High,1454,0
1,2,M,40, Low,630,0
1,2,M,80, High,277,0
1,2,M,80, Low,105,0
1,2,M,125, High,36,0
1,2,M,125, Low,32,0
1,2,F,40, High,1420,0
1,2,F,40, Low,641,0
1,2,F,80, High,232,0
1,2,F,80, Low,101,0
1,2,F,125, High,55,0
1,2,F,125, Low,17,0
1,1,M,40, High,390,1
1,1,M,40, Low,1622,19
1,1,M,80, High,78,0
1,1,M,80, Low,297,2
1,1,M,125, High,14,0
1,1,M,125, Low,67,0
1,1,F,40, High,441,1
1,1,F,40, Low,1628,19
1,1,F,80, High,68,0
1,1,F,80, Low,307,4
1,1,F,125, High,14,0
1,1,F,125, Low,74,0
2,2,M,40, High,1454,0
2,2,M,40, Low,630,0
2,2,M,80, High,277,0
2,2,M,80, Low,105,0
2,2,M,125, High,36,0
2,2,M,125, Low,32,0
2,2,F,40, High,1420,0
2,2,F,40, Low,641,0
2,2,F,80, High,232,0
2,2,F,80, Low,101,0
2,2,F,125, High,55,0
2,2,F,125, Low,17,0
2,1,M,40, High,390,1
2,1,M,40, Low,1622,17
2,1,M,80, High,78,0
2,1,M,80, Low,297,2
2,1,M,125, High,14,0
2,1,M,125, Low,67,0
2,1,F,40, High,441,1
2,1,F,40, Low,1628,19
2,1,F,80, High,68,0
2,1,F,80, Low,307,3
2,1,F,125, High,14,0
2,1,F,125, Low,74,0
3,2,M,40, High,1454,0
3,2,M,40, Low,630,0
3,2,M,80, High,277,0
3,2,M,80, Low,105,0
3,2,M,125, High,36,0
3,2,M,125, Low,32,0
3,2,F,40, High,1420,0
3,2,F,40, Low,641,0
3,2,F,80, High,232,0
3,2,F,80, Low,101,0
3,2,F,125, High,55,0
3,2,F,125, Low,17,0
3,1,M,40, High,390,2
3,1,M,40, Low,1622,20
3,1,M,80, High,78,0
3,1,M,80, Low,297,5
3,1,M,125, High,14,0
3,1,M,125, Low,67,0
3,1,F,40, High,441,1
3,1,F,40, Low,1628,21
3,1,F,80, High,68,0
3,1,F,80, Low,307,3
3,1,F,125, High,14,0
3,1,F,125, Low,74,0
4,2,M,40, High,1454,0
4,2,M,40, Low,630,0
4,2,M,80, High,277,0
4,2,M,80, Low,105,0
4,2,M,125, High,36,0
4,2,M,125, Low,32,0
4,2,F,40, High,1420,0
4,2,F,40, Low,641,0
4,2,F,80, High,232,0
4,2,F,80, Low,101,0
4,2,F,125, High,55,0
4,2,F,125, Low,17,0
4,1,M,40, High,390,5
4,1,M,40, Low,1622,21
4,1,M,80, High,78,0
4,1,M,80, Low,297,6
4,1,M,125, High,14,0
4,1,M,125, Low,67,0
4,1,F,40, High,441,1
4,1,F,40, Low,1628,25
4,1,F,80, High,68,1
4,1,F,80, Low,307,2
4,1,F,125, High,14,0
4,1,F,125, Low,74,0
5,2,M,40, High,1454,0
5,2,M,40, Low,630,0
5,2,M,80, High,277,0
5,2,M,80, Low,105,0
5,2,M,125, High,36,0
5,2,M,125, Low,32,0
5,2,F,40, High,1420,0
5,2,F,40, Low,641,0
5,2,F,80, High,232,0
5,2,F,80, Low,101,0
5,2,F,125, High,55,0
5,2,F,125, Low,17,0
5,1,M,40, High,390,5
5,1,M,40, Low,1622,30
5,1,M,80, High,78,0
5,1,M,80, Low,297,5
5,1,M,125, High,14,0
5,1,M,125, Low,67,1
5,1,F,40, High,441,2
5,1,F,40, Low,1627,26
5,1,F,80, High,68,1
5,1,F,80, Low,308,5
5,1,F,125, High,14,0
5,1,F,125, Low,74,0
6,2,M,40, High,1454,0
6,2,M,40, Low,630,0
6,2,M,80, High,277,0
6,2,M,80, Low,105,0
6,2,M,125, High,36,0
6,2,M,125, Low,32,0
6,2,F,40, High,1420,0
6,2,F,40, Low,641,0
6,2,F,80, High,232,0
6,2,F,80, Low,101,0
6,2,F,125, High,55,0
6,2,F,125, Low,17,0
6,1,M,40, High,390,6
6,1,M,40, Low,1622,28
6,1,M,80, High,78,1
6,1,M,80, Low,297,6
6,1,M,125, High,14,0
6,1,M,125, Low,67,0
6,1,F,40, High,441,5
6,1,F,40, Low,1627,28
6,1,F,80, High,68,1
6,1,F,80, Low,308,3
6,1,F,125, High,14,1
6,1,F,125, Low,74,0
7,2,M,40, High,1454,0
7,2,M,40, Low,630,0
7,2,M,80, High,277,0
7,2,M,80, Low,105,0
7,2,M,125, High,36,0
7,2,M,125, Low,32,0
7,2,F,40, High,1420,0
7,2,F,40, Low,641,0
7,2,F,80, High,232,0
7,2,F,80, Low,101,0
7,2,F,125, High,55,0
7,2,F,125, Low,17,0
7,1,M,40, High,390,7
7,1,M,40, Low,1622,25
7,1,M,80, High,78,1
7,1,M,80, Low,297,4
7,1,M,125, High,14,0
7,1,M,125, Low,67,0
7,1,F,40, High,441,7
7,1,F,40, Low,1627,27
7,1,F,80, High,68,1
7,1,F,80, Low,308,7
7,1,F,125, High,14,1
7,1,F,125, Low,74,1
8,2,M,40, High,1454,0
8,2,M,40, Low,630,0
8,2,M,80, High,277,0
8,2,M,80, Low,105,0
8,2,M,125, High,36,0
8,2,M,125, Low,32,0
8,2,F,40, High,1420,0
8,2,F,40, Low,641,0
8,2,F,80, High,232,0
8,2,F,80, Low,101,0
8,2,F,125, High,55,0
8,2,F,125, Low,17,0
8,1,M,40, High,390,11
8,1,M,40, Low,1622,28
8,1,M,80, High,78,4
8,1,M,80, Low,297,3
8,1,M,125, High,14,0
8,1,M,125, Low,67,0
8,1,F,40, High,441,13
8,1,F,40, Low,1627,31
8,1,F,80, High,68,5
8,1,F,80, Low,308,8
8,1,F,125, High,14,0
8,1,F,125, Low,74,1
9,2,M,40, High,1454,0
9,2,M,40, Low,630,0
9,2,M,80, High,277,0
9,2,M,80, Low,105,0
9,2,M,125, High,36,0
9,2,M,125, Low,32,0
9,2,F,40, High,1420,0
9,2,F,40, Low,641,0
9,2,F,80, High,232,0
9,2,F,80, Low,101,0
9,2,F,125, High,55,0
9,2,F,125, Low,17,0
9,1,M,40, High,390,13
9,1,M,40, Low,1622,30
9,1,M,80, High,78,4
9,1,M,80, Low,297,6
9,1,M,125, High,14,0
9,1,M,125, Low,67,2
9,1,F,40, High,441,19
9,1,F,40, Low,1627,28
9,1,F,80, High,68,5
9,1,F,80, Low,308,8
9,1,F,125, High,14,0
9,1,F,125, Low,74,1
10,2,M,40, High,1454,0
10,2,M,40, Low,630,0
10,2,M,80, High,277,0
10,2,M,80, Low,105,0
10,2,M,125, High,36,0
10,2,M,125, Low,32,0
10,2,F,40, High,1420,0
10,2,F,40, Low,641,0
10,2,F,80, High,232,0
10,2,F,80, Low,101,0
10,2,F,125, High,55,0
10,2,F,125, Low,17,0
10,1,M,40, High,390,20
10,1,M,40, Low,1622,34
10,1,M,80, High,78,6
10,1,M,80, Low,297,6
10,1,M,125, High,14,0
10,1,M,125, Low,67,2
10,1,F,40, High,441,23
10,1,F,40, Low,1627,28
10,1,F,80, High,68,7
10,1,F,80, Low,308,7
10,1,F,125, High,14,0
10,1,F,125, Low,74,1
11,2,M,40, High,1454,0
11,2,M,40, Low,630,0
11,2,M,80, High,277,0
11,2,M,80, Low,105,0
11,2,M,125, High,36,0
11,2,M,125, Low,32,0
11,2,F,40, High,1420,0
11,2,F,40, Low,641,0
11,2,F,80, High,232,0
11,2,F,80, Low,101,0
11,2,F,125, High,55,0
11,2,F,125, Low,17,0
11,1,M,40, High,390,29
11,1,M,40, Low,1622,31
11,1,M,80, High,78,5
11,1,M,80, Low,297,6
11,1,M,125, High,14,4
11,1,M,125, Low,67,2
11,1,F,40, High,441,39
11,1,F,40, Low,1627,40
11,1,F,80, High,68,7
11,1,F,80, Low,308,7
11,1,F,125, High,14,0
11,1,F,125, Low,74,1
12,2,M,40, High,1454,0
12,2,M,40, Low,630,0
12,2,M,80, High,277,0
12,2,M,80, Low,105,0
12,2,M,125, High,36,0
12,2,M,125, Low,32,0
12,2,F,40, High,1420,0
12,2,F,40, Low,641,0
12,2,F,80, High,232,0
12,2,F,80, Low,101,0
12,2,F,125, High,55,0
12,2,F,125, Low,17,0
12,1,M,40, High,390,45
12,1,M,40, Low,1621,37
12,1,M,80, High,78,9
12,1,M,80, Low,298,10
12,1,M,125, High,14,6
12,1,M,125, Low,67,1
12,1,F,40, High,441,52
12,1,F,40, Low,1627,42
12,1,F,80, High,68,6
12,1,F,80, Low,308,5
12,1,F,125, High,14,0
12,1,F,125, Low,74,2
13,2,M,40, High,1454,0
13,2,M,40, Low,630,0
13,2,M,80, High,277,0
13,2,M,80, Low,105,0
13,2,M,125, High,36,0
13,2,M,125, Low,32,0
13,2,F,40, High,1420,0
13,2,F,40, Low,641,0
13,2,F,80, High,232,0
13,2,F,80, Low,101,0
13,2,F,125, High,55,0
13,2,F,125, Low,17,0
13,1,M,40, High,390,63
13,1,M,40, Low,1621,35
13,1,M,80, High,78,12
13,1,M,80, Low,298,11
13,1,M,125, High,14,6
13,1,M,125, Low,67,2
13,1,F,40, High,441,54
13,1,F,40, Low,1627,40
13,1,F,80, High,68,8
13,1,F,80, Low,308,8
13,1,F,125, High,14,0
13,1,F,125, Low,74,1
14,2,M,40, High,1454,0
14,2,M,40, Low,630,0
14,2,M,80, High,277,0
14,2,M,80, Low,105,0
14,2,M,125, High,36,0
14,2,M,125, Low,32,0
14,2,F,40, High,1420,0
14,2,F,40, Low,641,0
14,2,F,80, High,232,0
14,2,F,80, Low,101,0
14,2,F,125, High,55,0
14,2,F,125, Low,17,0
14,1,M,40, High,390,76
14,1,M,40, Low,1621,42
14,1,M,80, High,78,12
14,1,M,80, Low,298,8
14,1,M,125, High,14,8
14,1,M,125, Low,67,2
14,1,F,40, High,441,82
14,1,F,40, Low,1627,42
14,1,F,80, High,68,11
14,1,F,80, Low,308,6
14,1,F,125, High,14,1
14,1,F,125, Low,74,1
15,2,M,40, High,1454,0
15,2,M,40, Low,630,0
15,2,M,80, High,277,0
15,2,M,80, Low,105,0
15,2,M,125, High,36,0
15,2,M,125, Low,32,0
15,2,F,40, High,1420,0
15,2,F,40, Low,641,0
15,2,F,80, High,232,0
15,2,F,80, Low,101,0
15,2,F,125, High,55,0
15,2,F,125, Low,17,0
15,1,M,40, High,390,83
15,1,M,40, Low,1621,49
15,1,M,80, High,78,12
15,1,M,80, Low,298,13
15,1,M,125, High,14,8
15,1,M,125, Low,67,1
15,1,F,40, High,441,94
15,1,F,40, Low,1627,46
15,1,F,80, High,68,14
15,1,F,80, Low,308,7
15,1,F,125, High,14,3
15,1,F,125, Low,74,0
16,2,M,40, High,1454,0
16,2,M,40, Low,630,0
16,2,M,80, High,277,0
16,2,M,80, Low,105,0
16,2,M,125, High,36,0
16,2,M,125, Low,32,0
16,2,F,40, High,1420,0
16,2,F,40, Low,641,0
16,2,F,80, High,232,0
16,2,F,80, Low,101,0
16,2,F,125, High,55,0
16,2,F,125, Low,17,0
16,1,M,40, High,390,96
16,1,M,40, Low,1621,54
16,1,M,80, High,78,19
16,1,M,80, Low,298,10
16,1,M,125, High,14,5
16,1,M,125, Low,67,0
16,1,F,40, High,441,113
16,1,F,40, Low,1627,44
16,1,F,80, High,68,24
16,1,F,80, Low,308,10
16,1,F,125, High,14,3
16,1,F,125, Low,74,1
17,2,M,40, High,1454,0
17,2,M,40, Low,630,0
17,2,M,80, High,277,0
17,2,M,80, Low,105,0
17,2,M,125, High,36,0
17,2,M,125, Low,32,0
17,2,F,40, High,1420,0
17,2,F,40, Low,641,0
17,2,F,80, High,232,0
17,2,F,80, Low,101,0
17,2,F,125, High,55,0
17,2,F,125, Low,17,0
17,1,M,40, High,390,102
17,1,M,40, Low,1621,51
17,1,M,80, High,78,18
17,1,M,80, Low,298,9
17,1,M,125, High,14,2
17,1,M,125, Low,67,0
17,1,F,40, High,441,125
17,1,F,40, Low,1627,49
17,1,F,80, High,68,16
17,1,F,80, Low,308,9
17,1,F,125, High,14,4
17,1,F,125, Low,74,1
18,2,M,40, High,1454,0
18,2,M,40, Low,630,0
18,2,M,80, High,277,0
18,2,M,80, Low,105,0
18,2,M,125, High,36,0
18,2,M,125, Low,32,0
18,2,F,40, High,1420,0
18,2,F,40, Low,641,0
18,2,F,80, High,232,0
18,2,F,80, Low,101,0
18,2,F,125, High,55,0
18,2,F,125, Low,17,0
18,1,M,40, High,390,120
18,1,M,40, Low,1621,57
18,1,M,80, High,78,19
18,1,M,80, Low,298,8
18,1,M,125, High,14,3
18,1,M,125, Low,67,1
18,1,F,40, High,441,130
18,1,F,40, Low,1627,60
18,1,F,80, High,68,21
18,1,F,80, Low,308,14
18,1,F,125, High,14,4
18,1,F,125, Low,74,1
19,2,M,40, High,1453,0
19,2,M,40, Low,630,0
19,2,M,80, High,278,0
19,2,M,80, Low,105,0
19,2,M,125, High,36,0
19,2,M,125, Low,32,0
19,2,F,40, High,1420,0
19,2,F,40, Low,641,0
19,2,F,80, High,232,0
19,2,F,80, Low,101,0
19,2,F,125, High,55,0
19,2,F,125, Low,17,0
19,1,M,40, High,390,120
19,1,M,40, Low,1621,72
19,1,M,80, High,78,25
19,1,M,80, Low,298,7
19,1,M,125, High,14,4
19,1,M,125, Low,67,1
19,1,F,40, High,441,132
19,1,F,40, Low,1627,58
19,1,F,80, High,68,17
19,1,F,80, Low,308,12
19,1,F,125, High,14,1
19,1,F,125, Low,74,1
20,2,M,40, High,1453,0
20,2,M,40, Low,630,0
20,2,M,80, High,278,0
20,2,M,80, Low,105,0
20,2,M,125, High,36,0
20,2,M,125, Low,32,0
20,2,F,40, High,1420,0
20,2,F,40, Low,641,0
20,2,F,80, High,232,0
20,2,F,80, Low,101,0
20,2,F,125, High,55,0
20,2,F,125, Low,17,0
20,1,M,40, High,390,107
20,1,M,40, Low,1621,68
20,1,M,80, High,78,20
20,1,M,80, Low,298,13
20,1,M,125, High,14,1
20,1,M,125, Low,67,3
20,1,F,40, High,440,117
20,1,F,40, Low,1627,62
20,1,F,80, High,69,16
20,1,F,80, Low,308,11
20,1,F,125, High,14,5
20,1,F,125, Low,74,1
21,2,M,40, High,1453,0
21,2,M,40, Low,630,0
21,2,M,80, High,278,0
21,2,M,80, Low,105,0
21,2,M,125, High,36,0
21,2,M,125, Low,32,0
21,2,F,40, High,1420,0
21,2,F,40, Low,641,0
21,2,F,80, High,232,0
21,2,F,80, Low,101,0
21,2,F,125, High,55,0
21,2,F,125, Low,17,0
21,1,M,40, High,390,91
21,1,M,40, Low,1621,71
21,1,M,80, High,78,15
21,1,M,80, Low,298,13
21,1,M,125, High,14,0
21,1,M,125, Low,67,4
21,1,F,40, High,440,103
21,1,F,40, Low,1627,66
21,1,F,80, High,69,17
21,1,F,80, Low,308,11
21,1,F,125, High,14,5
21,1,F,125, Low,74,1
22,2,M,40, High,1453,0
22,2,M,40, Low,630,0
22,2,M,80, High,278,0
22,2,M,80, Low,105,0
22,2,M,125, High,36,0
22,2,M,125, Low,32,0
22,2,F,40, High,1420,0
22,2,F,40, Low,641,0
22,2,F,80, High,232,0
22,2,F,80, Low,101,0
22,2,F,125, High,55,0
22,2,F,125, Low,17,0
22,1,M,40, High,390,66
22,1,M,40, Low,1621,75
22,1,M,80, High,78,11
22,1,M,80, Low,298,15
22,1,M,125, High,14,0
22,1,M,125, Low,67,3
22,1,F,40, High,440,87
22,1,F,40, Low,1627,78
22,1,F,80, High,69,14
22,1,F,80, Low,308,12
22,1,F,125, High,14,3
22,1,F,125, Low,74,2
23,2,M,40, High,1453,0
23,2,M,40, Low,630,0
23,2,M,80, High,278,0
23,2,M,80, Low,105,0
23,2,M,125, High,36,0
23,2,M,125, Low,32,0
23,2,F,40, High,1420,0
23,2,F,40, Low,641,0
23,2,F,80, High,232,0
23,2,F,80, Low,101,0
23,2,F,125, High,55,0
23,2,F,125, Low,17,0
23,1,M,40, High,390,49
23,1,M,40, Low,1621,85
23,1,M,80, High,78,10
23,1,M,80, Low,298,14
23,1,M,125, High,14,0
23,1,M,125, Low,67,6
23,1,F,40, High,440,71
23,1,F,40, Low,1627,77
23,1,F,80, High,69,8
23,1,F,80, Low,308,13
23,1,F,125, High,14,3
23,1,F,125, Low,74,3
24,2,M,40, High,1453,0
24,2,M,40, Low,630,0
24,2,M,80, High,278,0
24,2,M,80, Low,105,0
24,2,M,125, High,36,0
24,2,M,125, Low,32,0
24,2,F,40, High,1419,0
24,2,F,40, Low,641,0
24,2,F,80, High,233,0
24,2,F,80, Low,101,0
24,2,F,125, High,55,0
24,2,F,125, Low,17,0
24,1,M,40, High,390,39
24,1,M,40, Low,1621,67
24,1,M,80, High,78,9
24,1,M,80, Low,298,11
24,1,M,125, High,14,0
24,1,M,125, Low,67,6
24,1,F,40, High,440,49
24,1,F,40, Low,1626,83
24,1,F,80, High,69,8
24,1,F,80, Low,309,13
24,1,F,125, High,14,3
24,1,F,125, Low,74,3
25,2,M,40, High,1453,0
25,2,M,40, Low,630,0
25,2,M,80, High,278,0
25,2,M,80, Low,105,0
25,2,M,125, High,36,0
25,2,M,125, Low,32,0
25,2,F,40, High,1419,0
25,2,F,40, Low,641,0
25,2,F,80, High,233,0
25,2,F,80, Low,101,0
25,2,F,125, High,55,0
25,2,F,125, Low,17,0
25,1,M,40, High,390,27
25,1,M,40, Low,1621,63
25,1,M,80, High,78,8
25,1,M,80, Low,298,19
25,1,M,125, High,14,0
25,1,M,125, Low,67,5
25,1,F,40, High,440,31
25,1,F,40, Low,1626,92
25,1,F,80, High,69,5
25,1,F,80, Low,309,18
25,1,F,125, High,14,3
25,1,F,125, Low,74,2
26,2,M,40, High,1453,0
26,2,M,40, Low,630,0
26,2,M,80, High,278,0
26,2,M,80, Low,105,0
26,2,M,125, High,36,0
26,2,M,125, Low,32,0
26,2,F,40, High,1419,0
26,2,F,40, Low,641,0
26,2,F,80, High,233,0
26,2,F,80, Low,101,0
26,2,F,125, High,55,0
26,2,F,125, Low,17,0
26,1,M,40, High,390,20
26,1,M,40, Low,1621,67
26,1,M,80, High,78,9
26,1,M,80, Low,298,14
26,1,M,125, High,14,0
26,1,M,125, Low,67,5
26,1,F,40, High,440,23
26,1,F,40, Low,1626,84
26,1,F,80, High,69,3
26,1,F,80, Low,308,17
26,1,F,125, High,14,1
26,1,F,125, Low,75,2
27,2,M,40, High,1453,0
27,2,M,40, Low,630,0
27,2,M,80, High,278,0
27,2,M,80, Low,105,0
27,2,M,125, High,36,0
27,2,M,125, Low,32,0
27,2,F,40, High,1419,0
27,2,F,40, Low,641,0
27,2,F,80, High,233,0
27,2,F,80, Low,101,0
27,2,F,125, High,55,0
27,2,F,125, Low,17,0
27,1,M,40, High,390,17
27,1,M,40, Low,1621,91
27,1,M,80, High,78,7
27,1,M,80, Low,298,17
27,1,M,125, High,14,0
27,1,M,125, Low,67,3
27,1,F,40, High,440,16
27,1,F,40, Low,1625,91
27,1,F,80, High,69,2
27,1,F,80, Low,309,24
27,1,F,125, High,14,1
27,1,F,125, Low,75,2
28,2,M,40, High,1453,0
28,2,M,40, Low,630,0
28,2,M,80, High,278,0
28,2,M,80, Low,105,0
28,2,M,125, High,36,0
28,2,M,125, Low,32,0
28,2,F,40, High,1419,0
28,2,F,40, Low,641,0
28,2,F,80, High,233,0
28,2,F,80, Low,101,0
28,2,F,125, High,55,0
28,2,F,125, Low,17,0
28,1,M,40, High,390,15
28,1,M,40, Low,1621,84
28,1,M,80, High,78,3
28,1,M,80, Low,298,16
28,1,M,125, High,14,0
28,1,M,125, Low,67,6
28,1,F,40, High,440,14
28,1,F,40, Low,1625,81
28,1,F,80, High,69,1
28,1,F,80, Low,309,24
28,1,F,125, High,14,1
28,1,F,125, Low,75,1
29,2,M,40, High,1453,0
29,2,M,40, Low,630,0
29,2,M,80, High,278,0
29,2,M,80, Low,105,0
29,2,M,125, High,36,0
29,2,M,125, Low,32,0
29,2,F,40, High,1419,0
29,2,F,40, Low,641,0
29,2,F,80, High,233,0
29,2,F,80, Low,101,0
29,2,F,125, High,55,0
29,2,F,125, Low,17,0
29,1,M,40, High,390,12
29,1,M,40, Low,1621,93
29,1,M,80, High,78,3
29,1,M,80, Low,298,17
29,1,M,125, High,14,1
29,1,M,125, Low,67,6
29,1,F,40, High,440,7
29,1,F,40, Low,1625,83
29,1,F,80, High,69,1
29,1,F,80, Low,309,26
29,1,F,125, High,14,2
29,1,F,125, Low,75,1
30,2,M,40, High,1453,0
30,2,M,40, Low,630,0
30,2,M,80, High,278,0
30,2,M,80, Low,105,0
30,2,M,125, High,36,0
30,2,M,125, Low,32,0
30,2,F,40, High,1419,0
30,2,F,40, Low,641,0
30,2,F,80, High,233,0
30,2,F,80, Low,101,0
30,2,F,125, High,55,0
30,2,F,125, Low,17,0
30,1,M,40, High,390,10
30,1,M,40, Low,1621,94
30,1,M,80, High,78,3
30,1,M,80, Low,298,17
30,1,M,125, High,14,1
30,1,M,125, Low,67,4
30,1,F,40, High,440,5
30,1,F,40, Low,1625,76
30,1,F,80, High,69,0
30,1,F,80, Low,309,21
30,1,F,125, High,14,1
30,1,F,125, Low,75,2
31,2,M,40, High,1453,0
31,2,M,40, Low,630,0
31,2,M,80, High,278,0
31,2,M,80, Low,105,0
31,2,M,125, High,36,0
31,2,M,125, Low,32,0
31,2,F,40, High,1419,0
31,2,F,40, Low,641,0
31,2,F,80, High,233,0
31,2,F,80, Low,101,0
31,2,F,125, High,55,0
31,2,F,125, Low,17,0
31,1,M,40, High,390,5
31,1,M,40, Low,1621,101
31,1,M,80, High,78,3
31,1,M,80, Low,298,19
31,1,M,125, High,14,1
31,1,M,125, Low,67,5
31,1,F,40, High,440,6
31,1,F,40, Low,1625,72
31,1,F,80, High,69,0
31,1,F,80, Low,309,21
31,1,F,125, High,14,0
31,1,F,125, Low,75,4
32,2,M,40, High,1453,0
32,2,M,40, Low,630,0
32,2,M,80, High,278,0
32,2,M,80, Low,105,0
32,2,M,125, High,36,0
32,2,M,125, Low,32,0
32,2,F,40, High,1419,0
32,2,F,40, Low,641,0
32,2,F,80, High,233,0
32,2,F,80, Low,101,0
32,2,F,125, High,55,0
32,2,F,125, Low,17,0
32,1,M,40, High,390,4
32,1,M,40, Low,1621,94
32,1,M,80, High,78,3
32,1,M,80, Low,298,19
32,1,M,125, High,14,0
32,1,M,125, Low,67,3
32,1,F,40, High,440,5
32,1,F,40, Low,1625,67
32,1,F,80, High,69,0
32,1,F,80, Low,309,18
32,1,F,125, High,14,0
32,1,F,125, Low,75,4
33,2,M,40, High,1453,0
33,2,M,40, Low,630,0
33,2,M,80, High,278,0
33,2,M,80, Low,105,0
33,2,M,125, High,36,0
33,2,M,125, Low,32,0
33,2,F,40, High,1419,0
33,2,F,40, Low,641,0
33,2,F,80, High,233,0
33,2,F,80, Low,101,0
33,2,F,125, High,55,0
33,2,F,125, Low,17,0
33,1,M,40, High,390,3
33,1,M,40, Low,1621,101
33,1,M,80, High,78,2
33,1,M,80, Low,298,18
33,1,M,125, High,14,0
33,1,M,125, Low,67,1
33,1,F,40, High,440,3
33,1,F,40, Low,1625,82
33,1,F,80, High,69,0
33,1,F,80, Low,309,11
33,1,F,125, High,14,0
33,1,F,125, Low,75,6
34,2,M,40, High,1453,0
34,2,M,40, Low,630,0
34,2,M,80, High,278,0
34,2,M,80, Low,105,0
34,2,M,125, High,36,0
34,2,M,125, Low,32,0
34,2,F,40, High,1419,0
34,2,F,40, Low,641,0
34,2,F,80, High,233,0
34,2,F,80, Low,101,0
34,2,F,125, High,55,0
34,2,F,125, Low,17,0
34,1,M,40, High,390,1
34,1,M,40, Low,1621,100
34,1,M,80, High,78,0
34,1,M,80, Low,298,18
34,1,M,125, High,14,0
34,1,M,125, Low,67,1
34,1,F,40, High,440,2
34,1,F,40, Low,1625,80
34,1,F,80, High,69,0
34,1,F,80, Low,309,9
34,1,F,125, High,14,0
34,1,F,125, Low,75,5
35,2,M,40, High,1453,0
35,2,M,40, Low,630,0
35,2,M,80, High,278,0
35,2,M,80, Low,105,0
35,2,M,125, High,36,0
35,2,M,125, Low,32,0
35,2,F,40, High,1419,0
35,2,F,40, Low,641,0
35,2,F,80, High,233,0
35,2,F,80, Low,101,0
35,2,F,125, High,55,0
35,2,F,125, Low,17,0
35,1,M,40, High,390,1
35,1,M,40, Low,1621,83
35,1,M,80, High,78,0
35,1,M,80, Low,298,21
35,1,M,125, High,14,0
35,1,M,125, Low,67,3
35,1,F,40, High,440,1
35,1,F,40, Low,1625,81
35,1,F,80, High,69,0
35,1,F,80, Low,309,12
35,1,F,125, High,14,0
35,1,F,125, Low,75,4
36,2,M,40, High,1453,0
36,2,M,40, Low,630,0
36,2,M,80, High,278,0
36,2,M,80, Low,105,0
36,2,M,125, High,36,0
36,2,M,125, Low,32,0
36,2,F,40, High,1419,0
36,2,F,40, Low,641,0
36,2,F,80, High,233,0
36,2,F,80, Low,101,0
36,2,F,125, High,55,0
36,2,F,125, Low,17,0
36,1,M,40, High,390,1
36,1,M,40, Low,1621,84
36,1,M,80, High,78,0
36,1,M,80, Low,298,18
36,1,M,125, High,14,0
36,1,M,125, Low,67,4
36,1,F,40, High,440,1
36,1,F,40, Low,1625,66
36,1,F,80, High,69,0
36,1,F,80, Low,309,10
36,1,F,125, High,14,0
36,1,F,125, Low,75,4
37,2,M,40, High,1453,0
37,2,M,40, Low,630,0
37,2,M,80, High,278,0
37,2,M,80, Low,105,0
37,2,M,125, High,36,0
37,2,M,125, Low,32,0
37,2,F,40, High,1419,0
37,2,F,40, Low,641,0
37,2,F,80, High,233,0
37,2,F,80, Low,101,0
37,2,F,125, High,55,0
37,2,F,125, Low,17,0
37,1,M,40, High,390,1
37,1,M,40, Low,1621,71
37,1,M,80, High,78,0
37,1,M,80, Low,298,14
37,1,M,125, High,14,0
37,1,M,125, Low,67,4
37,1,F,40, High,440,1
37,1,F,40, Low,1625,66
37,1,F,80, High,69,0
37,1,F,80, Low,309,12
37,1,F,125, High,14,0
37,1,F,125, Low,75,4
38,2,M,40, High,1453,0
38,2,M,40, Low,630,0
38,2,M,80, High,278,0
38,2,M,80, Low,105,0
38,2,M,125, High,36,0
38,2,M,125, Low,32,0
38,2,F,40, High,1419,0
38,2,F,40, Low,641,0
38,2,F,80, High,233,0
38,2,F,80, Low,101,0
38,2,F,125, High,55,0
38,2,F,125, Low,17,0
38,1,M,40, High,390,1
38,1,M,40, Low,1621,64
38,1,M,80, High,78,0
38,1,M,80, Low,298,9
38,1,M,125, High,14,0
38,1,M,125, Low,67,1
38,1,F,40, High,440,0
38,1,F,40, Low,1625,65
38,1,F,80, High,69,0
38,1,F,80, Low,309,9
38,1,F,125, High,14,0
38,1,F,125, Low,75,3
39,2,M,40, High,1453,0
39,2,M,40, Low,630,0
39,2,M,80, High,278,0
39,2,M,80, Low,105,0
39,2,M,125, High,36,0
39,2,M,125, Low,32,0
39,2,F,40, High,1419,0
39,2,F,40, Low,641,0
39,2,F,80, High,233,0
39,2,F,80, Low,101,0
39,2,F,125, High,55,0
39,2,F,125, Low,17,0
39,1,M,40, High,390,0
39,1,M,40, Low,1621,62
39,1,M,80, High,78,0
39,1,M,80, Low,298,7
39,1,M,125, High,14,0
39,1,M,125, Low,67,1
39,1,F,40, High,440,0
39,1,F,40, Low,1624,65
39,1,F,80, High,69,0
39,1,F,80, Low,310,9
39,1,F,125, High,14,0
39,1,F,125, Low,75,3
40,2,M,40, High,1453,0
40,2,M,40, Low,630,0
40,2,M,80, High,278,0
40,2,M,80, Low,105,0
40,2,M,125, High,36,0
40,2,M,125, Low,32,0
40,2,F,40, High,1419,0
40,2,F,40, Low,641,0
40,2,F,80, High,233,0
40,2,F,80, Low,101,0
40,2,F,125, High,55,0
40,2,F,125, Low,17,0
40,1,M,40, High,390,0
40,1,M,40, Low,1621,59
40,1,M,80, High,78,0
40,1,M,80, Low,298,4
40,1,M,125, High,14,0
40,1,M,125, Low,67,1
40,1,F,40, High,440,0
40,1,F,40, Low,1624,64
40,1,F,80, High,69,0
40,1,F,80, Low,310,6
40,1,F,125, High,14,0
40,1,F,125, Low,75,3
41,2,M,40, High,1453,0
41,2,M,40, Low,630,0
41,2,M,80, High,278,0
41,2,M,80, Low,105,0
41,2,M,125, High,36,0
41,2,M,125, Low,32,0
41,2,F,40, High,1419,0
41,2,F,40, Low,641,0
41,2,F,80, High,233,0
41,2,F,80, Low,101,0
41,2,F,125, High,55,0
41,2,F,125, Low,17,0
41,1,M,40, High,390,0
41,1,M,40, Low,1621,60
41,1,M,80, High,78,0
41,1,M,80, Low,298,6
41,1,M,125, High,14,0
41,1,M,125, Low,67,0
41,1,F,40, High,440,0
41,1,F,40, Low,1624,61
41,1,F,80, High,69,0
41,1,F,80, Low,310,5
41,1,F,125, High,14,0
41,1,F,125, Low,75,2
42,2,M,40, High,1453,0
42,2,M,40, Low,630,0
42,2,M,80, High,278,0
42,2,M,80, Low,105,0
42,2,M,125, High,36,0
42,2,M,125, Low,32,0
42,2,F,40, High,1419,0
42,2,F,40, Low,641,0
42,2,F,80, High,233,0
42,2,F,80, Low,101,0
42,2,F,125, High,55,0
42,2,F,125, Low,17,0
42,1,M,40, High,390,0
42,1,M,40, Low,1621,56
42,1,M,80, High,78,0
42,1,M,80, Low,298,5
42,1,M,125, High,14,0
42,1,M,125, Low,67,3
42,1,F,40, High,440,0
42,1,F,40, Low,1624,58
42,1,F,80, High,69,0
42,1,F,80, Low,310,7
42,1,F,125, High,14,0
42,1,F,125, Low,75,0
43,2,M,40, High,1453,0
43,2,M,40, Low,630,0
43,2,M,80, High,278,0
43,2,M,80, Low,105,0
43,2,M,125, High,36,0
43,2,M,125, Low,32,0
43,2,F,40, High,1419,0
43,2,F,40, Low,641,0
43,2,F,80, High,233,0
43,2,F,80, Low,101,0
43,2,F,125, High,55,0
43,2,F,125, Low,17,0
43,1,M,40, High,390,0
43,1,M,40, Low,1621,51
43,1,M,80, High,78,0
43,1,M,80, Low,298,6
43,1,M,125, High,14,0
43,1,M,125, Low,67,3
43,1,F,40, High,440,0
43,1,F,40, Low,1624,55
43,1,F,80, High,69,0
43,1,F,80, Low,310,4
43,1,F,125, High,14,0
43,1,F,125, Low,75,0
44,2,M,40, High,1453,0
44,2,M,40, Low,630,0
44,2,M,80, High,278,0
44,2,M,80, Low,105,0
44,2,M,125, High,36,0
44,2,M,125, Low,32,0
44,2,F,40, High,1419,0
44,2,F,40, Low,641,0
44,2,F,80, High,233,0
44,2,F,80, Low,101,0
44,2,F,125, High,55,0
44,2,F,125, Low,17,0
44,1,M,40, High,390,0
44,1,M,40, Low,1621,56
44,1,M,80, High,78,0
44,1,M,80, Low,298,3
44,1,M,125, High,14,0
44,1,M,125, Low,67,0
44,1,F,40, High,440,0
44,1,F,40, Low,1624,45
44,1,F,80, High,69,0
44,1,F,80, Low,310,6
44,1,F,125, High,14,0
44,1,F,125, Low,75,2
45,2,M,40, High,1453,0
45,2,M,40, Low,630,0
45,2,M,80, High,278,0
45,2,M,80, Low,105,0
45,2,M,125, High,36,0
45,2,M,125, Low,32,0
45,2,F,40, High,1419,0
45,2,F,40, Low,641,0
45,2,F,80, High,233,0
45,2,F,80, Low,101,0
45,2,F,125, High,55,0
45,2,F,125, Low,17,0
45,1,M,40, High,390,0
45,1,M,40, Low,1621,40
45,1,M,80, High,78,0
45,1,M,80, Low,298,4
45,1,M,125, High,14,0
45,1,M,125, Low,67,1
45,1,F,40, High,440,0
45,1,F,40, Low,1624,46
45,1,F,80, High,69,0
45,1,F,80, Low,310,2
45,1,F,125, High,14,0
45,1,F,125, Low,75,3
46,2,M,40, High,1453,0
46,2,M,40, Low,630,0
46,2,M,80, High,278,0
46,2,M,80, Low,105,0
46,2,M,125, High,36,0
46,2,M,125, Low,32,0
46,2,F,40, High,1419,0
46,2,F,40, Low,641,0
46,2,F,80, High,233,0
46,2,F,80, Low,101,0
46,2,F,125, High,55,0
46,2,F,125, Low,17,0
46,1,M,40, High,390,0
46,1,M,40, Low,1621,39
46,1,M,80, High,78,0
46,1,M,80, Low,298,7
46,1,M,125, High,14,0
46,1,M,125, Low,67,1
46,1,F,40, High,440,0
46,1,F,40, Low,1624,46
46,1,F,80, High,69,0
46,1,F,80, Low,310,3
46,1,F,125, High,14,0
46,1,F,125, Low,75,4
47,2,M,40, High,1452,0
47,2,M,40, Low,630,0
47,2,M,80, High,279,0
47,2,M,80, Low,105,0
47,2,M,125, High,36,0
47,2,M,125, Low,32,0
47,2,F,40, High,1419,0
47,2,F,40, Low,641,0
47,2,F,80, High,233,0
47,2,F,80, Low,101,0
47,2,F,125, High,55,0
47,2,F,125, Low,17,0
47,1,M,40, High,390,0
47,1,M,40, Low,1621,38
47,1,M,80, High,78,0
47,1,M,80, Low,298,5
47,1,M,125, High,14,0
47,1,M,125, Low,67,1
47,1,F,40, High,440,0
47,1,F,40, Low,1624,37
47,1,F,80, High,69,0
47,1,F,80, Low,310,2
47,1,F,125, High,14,0
47,1,F,125, Low,75,4
48,2,M,40, High,1452,0
48,2,M,40, Low,630,0
48,2,M,80, High,279,0
48,2,M,80, Low,105,0
48,2,M,125, High,36,0
48,2,M,125, Low,32,0
48,2,F,40, High,1419,0
48,2,F,40, Low,640,0
48,2,F,80, High,233,0
48,2,F,80, Low,102,0
48,2,F,125, High,55,0
48,2,F,125, Low,17,0
48,1,M,40, High,390,0
48,1,M,40, Low,1621,32
48,1,M,80, High,78,0
48,1,M,80, Low,298,7
48,1,M,125, High,14,0
48,1,M,125, Low,67,0
48,1,F,40, High,440,0
48,1,F,40, Low,1624,35
48,1,F,80, High,69,0
48,1,F,80, Low,310,7
48,1,F,125, High,14,0
48,1,F,125, Low,75,2
49,2,M,40, High,1452,0
49,2,M,40, Low,630,0
49,2,M,80, High,279,0
49,2,M,80, Low,105,0
49,2,M,125, High,36,0
49,2,M,125, Low,32,0
49,2,F,40, High,1419,0
49,2,F,40, Low,640,0
49,2,F,80, High,233,0
49,2,F,80, Low,102,0
49,2,F,125, High,55,0
49,2,F,125, Low,17,0
49,1,M,40, High,390,0
49,1,M,40, Low,1621,34
49,1,M,80, High,78,0
49,1,M,80, Low,298,4
49,1,M,125, High,14,0
49,1,M,125, Low,67,0
49,1,F,40, High,440,0
49,1,F,40, Low,1624,29
49,1,F,80, High,69,0
49,1,F,80, Low,310,6
49,1,F,125, High,14,0
49,1,F,125, Low,75,0
50,2,M,40, High,1452,0
50,2,M,40, Low,630,0
50,2,M,80, High,279,0
50,2,M,80, Low,105,0
50,2,M,125, High,36,0
50,2,M,125, Low,32,0
50,2,F,40, High,1419,0
50,2,F,40, Low,640,0
50,2,F,80, High,233,0
50,2,F,80, Low,102,0
50,2,F,125, High,55,0
50,2,F,125, Low,17,0
50,1,M,40, High,390,0
50,1,M,40, Low,1621,29
50,1,M,80, High,78,0
50,1,M,80, Low,298,3
50,1,M,125, High,14,0
50,1,M,125, Low,67,0
50,1,F,40, High,440,0
50,1,F,40, Low,1624,21
50,1,F,80, High,69,0
50,1,F,80, Low,310,4
50,1,F,125, High,14,0
50,1,F,125, Low,75,1
51,2,M,40, High,1452,0
51,2,M,40, Low,630,0
51,2,M,80, High,279,0
51,2,M,80, Low,105,0
51,2,M,125, High,36,0
51,2,M,125, Low,32,0
51,2,F,40, High,1419,0
51,2,F,40, Low,640,0
51,2,F,80, High,233,0
51,2,F,80, Low,102,0
51,2,F,125, High,55,0
51,2,F,125, Low,17,0
51,1,M,40, High,390,0
51,1,M,40, Low,1621,19
51,1,M,80, High,78,0
51,1,M,80, Low,298,1
51,1,M,125, High,14,0
51,1,M,125, Low,67,2
51,1,F,40, High,440,0
51,1,F,40, Low,1624,26
51,1,F,80, High,69,0
51,1,F,80, Low,310,1
51,1,F,125, High,14,0
51,1,F,125, Low,75,1
52,2,M,40, High,1452,0
52,2,M,40, Low,630,0
52,2,M,80, High,279,0
52,2,M,80, Low,105,0
52,2,M,125, High,36,0
52,2,M,125, Low,32,0
52,2,F,40, High,1419,0
52,2,F,40, Low,640,0
52,2,F,80, High,233,0
52,2,F,80, Low,102,0
52,2,F,125, High,55,0
52,2,F,125, Low,17,0
52,1,M,40, High,390,0
52,1,M,40, Low,1621,19
52,1,M,80, High,78,0
52,1,M,80, Low,298,0
52,1,M,125, High,14,0
52,1,M,125, Low,67,1
52,1,F,40, High,440,0
52,1,F,40, Low,1624,26
52,1,F,80, High,69,0
52,1,F,80, Low,310,2
52,1,F,125, High,14,0
52,1,F,125, Low,75,1
53,2,M,40, High,1452,0
53,2,M,40, Low,630,0
53,2,M,80, High,279,0
53,2,M,80, Low,105,0
53,2,M,125, High,36,0
53,2,M,125, Low,32,0
53,2,F,40, High,1419,0
53,2,F,40, Low,640,0
53,2,F,80, High,233,0
53,2,F,80, Low,102,0
53,2,F,125, High,55,0
53,2,F,125, Low,17,0
53,1,M,40, High,390,0
53,1,M,40, Low,1621,23
53,1,M,80, High,78,0
53,1,M,80, Low,298,2
53,1,M,125, High,14,0
53,1,M,125, Low,67,0
53,1,F,40, High,440,0
53,1,F,40, Low,1624,26
53,1,F,80, High,69,0
53,1,F,80, Low,310,3
53,1,F,125, High,14,0
53,1,F,125, Low,75,1
54,2,M,40, High,1452,0
54,2,M,40, Low,630,0
54,2,M,80, High,278,0
54,2,M,80, Low,105,0
54,2,M,125, High,37,0
54,2,M,125, Low,32,0
54,2,F,40, High,1419,0
54,2,F,40, Low,640,0
54,2,F,80, High,233,0
54,2,F,80, Low,102,0
54,2,F,125, High,55,0
54,2,F,125, Low,17,0
54,1,M,40, High,390,0
54,1,M,40, Low,1620,23
54,1,M,80, High,78,0
54,1,M,80, Low,299,2
54,1,M,125, High,14,0
54,1,M,125, Low,67,0
54,1,F,40, High,440,0
54,1,F,40, Low,1624,25
54,1,F,80, High,69,0
54,1,F,80, Low,310,6
54,1,F,125, High,14,0
54,1,F,125, Low,75,2
55,2,M,40, High,1452,0
55,2,M,40, Low,630,0
55,2,M,80, High,278,0
55,2,M,80, Low,105,0
55,2,M,125, High,37,0
55,2,M,125, Low,32,0
55,2,F,40, High,1419,0
55,2,F,40, Low,640,0
55,2,F,80, High,233,0
55,2,F,80, Low,102,0
55,2,F,125, High,55,0
55,2,F,125, Low,17,0
55,1,M,40, High,390,0
55,1,M,40, Low,1620,23
55,1,M,80, High,78,0
55,1,M,80, Low,299,6
55,1,M,125, High,14,0
55,1,M,125, Low,67,1
55,1,F,40, High,440,0
55,1,F,40, Low,1624,22
55,1,F,80, High,69,0
55,1,F,80, Low,310,4
55,1,F,125, High,14,0
55,1,F,125, Low,75,2
56,2,M,40, High,1452,0
56,2,M,40, Low,630,0
56,2,M,80, High,278,0
56,2,M,80, Low,105,0
56,2,M,125, High,37,0
56,2,M,125, Low,32,0
56,2,F,40, High,1419,0
56,2,F,40, Low,640,0
56,2,F,80, High,233,0
56,2,F,80, Low,102,0
56,2,F,125, High,55,0
56,2,F,125, Low,17,0
56,1,M,40, High,390,0
56,1,M,40, Low,1620,14
56,1,M,80, High,78,0
56,1,M,80, Low,299,7
56,1,M,125, High,14,0
56,1,M,125, Low,67,0
56,1,F,40, High,440,0
56,1,F,40, Low,1624,18
56,1,F,80, High,69,0
56,1,F,80, Low,310,5
56,1,F,125, High,14,0
56,1,F,125, Low,75,0
57,2,M,40, High,1452,0
57,2,M,40, Low,630,0
57,2,M,80, High,278,0
57,2,M,80, Low,105,0
57,2,M,125, High,37,0
57,2,M,125, Low,32,0
57,2,F,40, High,1419,0
57,2,F,40, Low,640,0
57,2,F,80, High,233,0
57,2,F,80, Low,102,0
57,2,F,125, High,55,0
57,2,F,125, Low,17,0
57,1,M,40, High,390,0
57,1,M,40, Low,1620,14
57,1,M,80, High,78,0
57,1,M,80, Low,299,6
57,1,M,125, High,14,0
57,1,M,125, Low,67,0
57,1,F,40, High,440,0
57,1,F,40, Low,1623,20
57,1,F,80, High,69,0
57,1,F,80, Low,311,5
57,1,F,125, High,14,0
57,1,F,125, Low,75,0
58,2,M,40, High,1452,0
58,2,M,40, Low,630,0
58,2,M,80, High,278,0
58,2,M,80, Low,105,0
58,2,M,125, High,37,0
58,2,M,125, Low,32,0
58,2,F,40, High,1419,0
58,2,F,40, Low,640,0
58,2,F,80, High,233,0
58,2,F,80, Low,102,0
58,2,F,125, High,55,0
58,2,F,125, Low,17,0
58,1,M,40, High,390,0
58,1,M,40, Low,1620,11
58,1,M,80, High,78,0
58,1,M,80, Low,299,5
58,1,M,125, High,14,0
58,1,M,125, Low,67,0
58,1,F,40, High,440,1
58,1,F,40, Low,1623,18
58,1,F,80, High,69,0
58,1,F,80, Low,311,5
58,1,F,125, High,14,0
58,1,F,125, Low,75,0
59,2,M,40, High,1452,0
59,2,M,40, Low,630,0
59,2,M,80, High,278,0
59,2,M,80, Low,105,0
59,2,M,125, High,37,0
59,2,M,125, Low,32,0
59,2,F,40, High,1418,0
59,2,F,40, Low,640,0
59,2,F,80, High,234,0
59,2,F,80, Low,102,0
59,2,F,125, High,55,0
59,2,F,125, Low,17,0
59,1,M,40, High,390,0
59,1,M,40, Low,1620,13
59,1,M,80, High,78,0
59,1,M,80, Low,299,3
59,1,M,125, High,14,0
59,1,M,125, Low,67,0
59,1,F,40, High,440,1
59,1,F,40, Low,1623,15
59,1,F,80, High,69,0
59,1,F,80, Low,311,6
59,1,F,125, High,14,0
59,1,F,125, Low,75,1
60,2,M,40, High,1452,0
60,2,M,40, Low,630,0
60,2,M,80, High,278,0
60,2,M,80, Low,105,0
60,2,M,125, High,37,0
60,2,M,125, Low,32,0
60,2,F,40, High,1418,0
60,2,F,40, Low,640,0
60,2,F,80, High,234,0
60,2,F,80, Low,102,0
60,2,F,125, High,55,0
60,2,F,125, Low,17,0
60,1,M,40, High,390,0
60,1,M,40, Low,1620,11
60,1,M,80, High,78,0
60,1,M,80, Low,299,2
60,1,M,125, High,14,0
60,1,M,125, Low,67,0
60,1,F,40, High,440,1
60,1,F,40, Low,1623,17
60,1,F,80, High,69,0
60,1,F,80, Low,311,7
60,1,F,125, High,14,0
60,1,F,125, Low,75,2
61,2,M,40, High,1452,0
61,2,M,40, Low,630,0
61,2,M,80, High,278,0
61,2,M,80, Low,105,0
61,2,M,125, High,37,0
61,2,M,125, Low,32,0
61,2,F,40, High,1418,0
61,2,F,40, Low,640,0
61,2,F,80, High,234,0
61,2,F,80, Low,102,0
61,2,F,125, High,55,0
61,2,F,125, Low,17,0
61,1,M,40, High,390,0
61,1,M,40, Low,1620,8
61,1,M,80, High,78,0
61,1,M,80, Low,299,2
61,1,M,125, High,14,0
61,1,M,125, Low,67,0
61,1,F,40, High,440,1
61,1,F,40, Low,1623,21
61,1,F,80, High,69,0
61,1,F,80, Low,311,6
61,1,F,125, High,14,0
61,1,F,125, Low,75,1
62,2,M,40, High,1452,0
62,2,M,40, Low,630,0
62,2,M,80, High,278,0
62,2,M,80, Low,105,0
62,2,M,125, High,37,0
62,2,M,125, Low,32,0
62,2,F,40, High,1418,0
62,2,F,40, Low,640,0
62,2,F,80, High,234,0
62,2,F,80, Low,102,0
62,2,F,125, High,55,0
62,2,F,125, Low,17,0
62,1,M,40, High,389,0
62,1,M,40, Low,1620,9
62,1,M,80, High,79,0
62,1,M,80, Low,299,3
62,1,M,125, High,14,0
62,1,M,125, Low,67,0
62,1,F,40, High,440,1
62,1,F,40, Low,1623,21
62,1,F,80, High,69,0
62,1,F,80, Low,311,5
62,1,F,125, High,14,0
62,1,F,125, Low,75,0
63,2,M,40, High,1451,0
63,2,M,40, Low,630,0
63,2,M,80, High,279,0
63,2,M,80, Low,105,0
63,2,M,125, High,37,0
63,2,M,125, Low,32,0
63,2,F,40, High,1418,0
63,2,F,40, Low,640,0
63,2,F,80, High,234,0
63,2,F,80, Low,102,0
63,2,F,125, High,55,0
63,2,F,125, Low,17,0
63,1,M,40, High,389,0
63,1,M,40, Low,1620,7
63,1,M,80, High,79,0
63,1,M,80, Low,299,4
63,1,M,125, High,14,0
63,1,M,125, Low,67,0
63,1,F,40, High,440,1
63,1,F,40, Low,1623,13
63,1,F,80, High,69,0
63,1,F,80, Low,311,3
63,1,F,125, High,14,0
63,1,F,125, Low,75,1
64,2,M,40, High,1451,0
64,2,M,40, Low,630,0
64,2,M,80, High,279,0
64,2,M,80, Low,105,0
64,2,M,125, High,37,0
64,2,M,125, Low,32,0
64,2,F,40, High,1418,0
64,2,F,40, Low,640,0
64,2,F,80, High,234,0
64,2,F,80, Low,102,0
64,2,F,125, High,55,0
64,2,F,125, Low,17,0
64,1,M,40, High,389,0
64,1,M,40, Low,1620,9
64,1,M,80, High,79,0
64,1,M,80, Low,299,3
64,1,M,125, High,14,0
64,1,M,125, Low,67,0
64,1,F,40, High,440,1
64,1,F,40, Low,1623,12
64,1,F,80, High,69,0
64,1,F,80, Low,311,2
64,1,F,125, High,14,0
64,1,F,125, Low,75,1
65,2,M,40, High,1451,0
65,2,M,40, Low,630,0
65,2,M,80, High,279,0
65,2,M,80, Low,105,0
65,2,M,125, High,37,0
65,2,M,125, Low,32,0
65,2,F,40, High,1418,0
65,2,F,40, Low,640,0
65,2,F,80, High,234,0
65,2,F,80, Low,102,0
65,2,F,125, High,55,0
65,2,F,125, Low,17,0
65,1,M,40, High,389,0
65,1,M,40, Low,1620,7
65,1,M,80, High,79,0
65,1,M,80, Low,299,4
65,1,M,125, High,14,0
65,1,M,125, Low,67,0
65,1,F,40, High,440,1
65,1,F,40, Low,1623,7
65,1,F,80, High,69,0
65,1,F,80, Low,311,3
65,1,F,125, High,14,0
65,1,F,125, Low,75,1
66,2,M,40, High,1451,0
66,2,M,40, Low,630,0
66,2,M,80, High,279,0
66,2,M,80, Low,105,0
66,2,M,125, High,37,0
66,2,M,125, Low,32,0
66,2,F,40, High,1418,0
66,2,F,40, Low,640,0
66,2,F,80, High,234,0
66,2,F,80, Low,102,0
66,2,F,125, High,55,0
66,2,F,125, Low,17,0
66,1,M,40, High,389,0
66,1,M,40, Low,1620,5
66,1,M,80, High,79,0
66,1,M,80, Low,299,2
66,1,M,125, High,14,0
66,1,M,125, Low,67,0
66,1,F,40, High,440,1
66,1,F,40, Low,1623,8
66,1,F,80, High,69,0
66,1,F,80, Low,311,2
66,1,F,125, High,14,0
66,1,F,125, Low,75,1
67,2,M,40, High,1451,0
67,2,M,40, Low,630,0
67,2,M,80, High,279,0
67,2,M,80, Low,105,0
67,2,M,125, High,37,0
67,2,M,125, Low,32,0
67,2,F,40, High,1418,0
67,2,F,40, Low,640,0
67,2,F,80, High,234,0
67,2,F,80, Low,102,0
67,2,F,125, High,55,0
67,2,F,125, Low,17,0
67,1,M,40, High,389,0
67,1,M,40, Low,1620,5
67,1,M,80, High,79,0
67,1,M,80, Low,299,2
67,1,M,125, High,14,0
67,1,M,125, Low,67,0
67,1,F,40, High,440,0
67,1,F,40, Low,1623,10
67,1,F,80, High,69,0
67,1,F,80, Low,311,2
67,1,F,125, High,14,0
67,1,F,125, Low,75,0
68,2,M,40, High,1451,0
68,2,M,40, Low,630,0
68,2,M,80, High,279,0
68,2,M,80, Low,105,0
68,2,M,125, High,37,0
68,2,M,125, Low,32,0
68,2,F,40, High,1418,0
68,2,F,40, Low,640,0
68,2,F,80, High,234,0
68,2,F,80, Low,102,0
68,2,F,125, High,55,0
68,2,F,125, Low,17,0
68,1,M,40, High,389,0
68,1,M,40, Low,1620,4
68,1,M,80, High,79,0
68,1,M,80, Low,299,1
68,1,M,125, High,14,0
68,1,M,125, Low,67,0
68,1,F,40, High,440,0
68,1,F,40, Low,1623,7
68,1,F,80, High,69,0
68,1,F,80, Low,311,1
68,1,F,125, High,14,0
68,1,F,125, Low,75,0
69,2,M,40, High,1451,0
69,2,M,40, Low,630,0
69,2,M,80, High,279,0
69,2,M,80, Low,105,0
69,2,M,125, High,37,0
69,2,M,125, Low,32,0
69,2,F,40, High,1418,0
69,2,F,40, Low,640,0
69,2,F,80, High,234,0
69,2,F,80, Low,102,0
69,2,F,125, High,55,0
69,2,F,125, Low,17,0
69,1,M,40, High,388,0
69,1,M,40, Low,1620,3
69,1,M,80, High,80,0
69,1,M,80, Low,299,0
69,1,M,125, High,14,0
69,1,M,125, Low,67,0
69,1,F,40, High,440,0
69,1,F,40, Low,1623,9
69,1,F,80, High,69,0
69,1,F,80, Low,311,1
69,1,F,125, High,14,0
69,1,F,125, Low,75,1
70,2,M,40, High,1451,0
70,2,M,40, Low,630,0
70,2,M,80, High,279,0
70,2,M,80, Low,105,0
70,2,M,125, High,37,0
70,2,M,125, Low,32,0
70,2,F,40, High,1417,0
70,2,F,40, Low,640,0
70,2,F,80, High,235,0
70,2,F,80, Low,102,0
70,2,F,125, High,55,0
70,2,F,125, Low,17,0
70,1,M,40, High,388,0
70,1,M,40, Low,1620,4
70,1,M,80, High,80,0
70,1,M,80, Low,299,0
70,1,M,125, High,14,0
70,1,M,125, Low,67,0
70,1,F,40, High,440,0
70,1,F,40, Low,1623,9
70,1,F,80, High,69,0
70,1,F,80, Low,311,0
70,1,F,125, High,14,0
70,1,F,125, Low,75,1
71,2,M,40, High,1451,0
71,2,M,40, Low,630,0
71,2,M,80, High,279,0
71,2,M,80, Low,105,0
71,2,M,125, High,37,0
71,2,M,125, Low,32,0
71,2,F,40, High,1417,0
71,2,F,40, Low,640,0
71,2,F,80, High,235,0
71,2,F,80, Low,102,0
71,2,F,125, High,55,0
71,2,F,125, Low,17,0
71,1,M,40, High,388,0
71,1,M,40, Low,1619,1
71,1,M,80, High,80,0
71,1,M,80, Low,300,0
71,1,M,125, High,14,0
71,1,M,125, Low,67,0
71,1,F,40, High,440,0
71,1,F,40, Low,1623,7
71,1,F,80, High,69,0
71,1,F,80, Low,311,0
71,1,F,125, High,14,0
71,1,F,125, Low,75,1
72,2,M,40, High,1451,0
72,2,M,40, Low,630,0
72,2,M,80, High,279,0
72,2,M,80, Low,105,0
72,2,M,125, High,37,0
72,2,M,125, Low,32,0
72,2,F,40, High,1417,0
72,2,F,40, Low,640,0
72,2,F,80, High,235,0
72,2,F,80, Low,102,0
72,2,F,125, High,55,0
72,2,F,125, Low,17,0
72,1,M,40, High,388,0
72,1,M,40, Low,1619,2
72,1,M,80, High,80,0
72,1,M,80, Low,300,2
72,1,M,125, High,14,0
72,1,M,125, Low,67,0
72,1,F,40, High,440,0
72,1,F,40, Low,1623,6
72,1,F,80, High,69,0
72,1,F,80, Low,311,0
72,1,F,125, High,14,0
72,1,F,125, Low,75,1
73,2,M,40, High,1451,0
73,2,M,40, Low,630,0
73,2,M,80, High,279,0
73,2,M,80, Low,105,0
73,2,M,125, High,37,0
73,2,M,125, Low,32,0
73,2,F,40, High,1417,0
73,2,F,40, Low,640,0
73,2,F,80, High,235,0
73,2,F,80, Low,102,0
73,2,F,125, High,55,0
73,2,F,125, Low,17,0
73,1,M,40, High,388,0
73,1,M,40, Low,1619,3
73,1,M,80, High,80,0
73,1,M,80, Low,300,1
73,1,M,125, High,14,0
73,1,M,125, Low,67,0
73,1,F,40, High,440,0
73,1,F,40, Low,1622,5
73,1,F,80, High,69,0
73,1,F,80, Low,312,0
73,1,F,125, High,14,0
73,1,F,125, Low,75,1
74,2,M,40, High,1450,0
74,2,M,40, Low,630,0
74,2,M,80, High,280,0
74,2,M,80, Low,105,0
74,2,M,125, High,37,0
74,2,M,125, Low,32,0
74,2,F,40, High,1417,0
74,2,F,40, Low,640,0
74,2,F,80, High,235,0
74,2,F,80, Low,102,0
74,2,F,125, High,55,0
74,2,F,125, Low,17,0
74,1,M,40, High,388,0
74,1,M,40, Low,1619,4
74,1,M,80, High,80,0
74,1,M,80, Low,300,1
74,1,M,125, High,14,0
74,1,M,125, Low,67,0
74,1,F,40, High,440,0
74,1,F,40, Low,1622,4
74,1,F,80, High,69,0
74,1,F,80, Low,312,0
74,1,F,125, High,14,0
74,1,F,125, Low,75,1
75,2,M,40, High,1450,48
75,2,M,40, Low,630,0
75,2,M,80, High,280,13
75,2,M,80, Low,105,1
75,2,M,125, High,37,3
75,2,M,125, Low,32,0
75,2,F,40, High,1417,56
75,2,F,40, Low,640,1
75,2,F,80, High,235,9
75,2,F,80, Low,102,0
75,2,F,125, High,55,1
75,2,F,125, Low,17,0
75,1,M,40, High,388,0
75,1,M,40, Low,1619,3
75,1,M,80, High,80,0
75,1,M,80, Low,300,1
75,1,M,125, High,14,0
75,1,M,125, Low,67,0
75,1,F,40, High,440,0
75,1,F,40, Low,1622,4
75,1,F,80, High,69,0
75,1,F,80, Low,312,0
75,1,F,125, High,14,0
75,1,F,125, Low,75,0
76,2,M,40, High,1450,29
76,2,M,40, Low,630,2
76,2,M,80, High,280,8
76,2,M,80, Low,105,2
76,2,M,125, High,37,1
76,2,M,125, Low,32,0
76,2,F,40, High,1417,34
76,2,F,40, Low,640,1
76,2,F,80, High,235,7
76,2,F,80, Low,102,1
76,2,F,125, High,55,1
76,2,F,125, Low,17,0
76,1,M,40, High,388,0
76,1,M,40, Low,1619,5
76,1,M,80, High,80,0
76,1,M,80, Low,300,1
76,1,M,125, High,14,0
76,1,M,125, Low,67,0
76,1,F,40, High,440,0
76,1,F,40, Low,1621,4
76,1,F,80, High,69,0
76,1,F,80, Low,313,0
76,1,F,125, High,14,0
76,1,F,125, Low,75,0
77,2,M,40, High,1450,23
77,2,M,40, Low,630,1
77,2,M,80, High,280,5
77,2,M,80, Low,105,2
77,2,M,125, High,37,0
77,2,M,125, Low,32,0
77,2,F,40, High,1417,26
77,2,F,40, Low,640,3
77,2,F,80, High,235,6
77,2,F,80, Low,102,1
77,2,F,125, High,55,1
77,2,F,125, Low,17,0
77,1,M,40, High,388,0
77,1,M,40, Low,1619,5
77,1,M,80, High,80,0
77,1,M,80, Low,300,1
77,1,M,125, High,14,0
77,1,M,125, Low,67,0
77,1,F,40, High,440,0
77,1,F,40, Low,1621,2
77,1,F,80, High,69,0
77,1,F,80, Low,313,0
77,1,F,125, High,14,0
77,1,F,125, Low,75,0
78,2,M,40, High,1450,17
78,2,M,40, Low,630,3
78,2,M,80, High,280,4
78,2,M,80, Low,105,2
78,2,M,125, High,37,0
78,2,M,125, Low,32,0
78,2,F,40, High,1417,22
78,2,F,40, Low,639,5
78,2,F,80, High,235,3
78,2,F,80, Low,103,1
78,2,F,125, High,55,1
78,2,F,125, Low,17,0
78,1,M,40, High,388,0
78,1,M,40, Low,1619,5
78,1,M,80, High,80,0
78,1,M,80, Low,300,0
78,1,M,125, High,14,0
78,1,M,125, Low,67,0
78,1,F,40, High,440,0
78,1,F,40, Low,1621,1
78,1,F,80, High,69,0
78,1,F,80, Low,313,0
78,1,F,125, High,14,0
78,1,F,125, Low,75,0
79,2,M,40, High,1450,11
79,2,M,40, Low,630,8
79,2,M,80, High,280,1
79,2,M,80, Low,105,2
79,2,M,125, High,37,0
79,2,M,125, Low,32,0
79,2,F,40, High,1417,14
79,2,F,40, Low,639,6
79,2,F,80, High,235,1
79,2,F,80, Low,103,1
79,2,F,125, High,55,1
79,2,F,125, Low,17,0
79,1,M,40, High,388,0
79,1,M,40, Low,1619,2
79,1,M,80, High,80,0
79,1,M,80, Low,300,0
79,1,M,125, High,14,0
79,1,M,125, Low,67,0
79,1,F,40, High,440,0
79,1,F,40, Low,1621,2
79,1,F,80, High,69,0
79,1,F,80, Low,313,0
79,1,F,125, High,14,0
79,1,F,125, Low,75,0
80,2,M,40, High,1450,7
80,2,M,40, Low,630,11
80,2,M,80, High,280,0
80,2,M,80, Low,105,4
80,2,M,125, High,37,0
80,2,M,125, Low,32,0
80,2,F,40, High,1417,7
80,2,F,40, Low,638,4
80,2,F,80, High,235,1
80,2,F,80, Low,104,1
80,2,F,125, High,55,0
80,2,F,125, Low,17,0
80,1,M,40, High,388,0
80,1,M,40, Low,1619,1
80,1,M,80, High,80,0
80,1,M,80, Low,300,0
80,1,M,125, High,14,0
80,1,M,125, Low,67,0
80,1,F,40, High,440,0
80,1,F,40, Low,1621,2
80,1,F,80, High,69,0
80,1,F,80, Low,313,0
80,1,F,125, High,14,0
80,1,F,125, Low,75,0
81,2,M,40, High,1450,4
81,2,M,40, Low,630,12
81,2,M,80, High,280,0
81,2,M,80, Low,105,3
81,2,M,125, High,37,0
81,2,M,125, Low,32,0
81,2,F,40, High,1417,7
81,2,F,40, Low,638,13
81,2,F,80, High,235,2
81,2,F,80, Low,104,2
81,2,F,125, High,55,0
81,2,F,125, Low,17,0
81,1,M,40, High,388,0
81,1,M,40, Low,1619,1
81,1,M,80, High,80,0
81,1,M,80, Low,300,0
81,1,M,125, High,14,0
81,1,M,125, Low,67,0
81,1,F,40, High,440,0
81,1,F,40, Low,1621,1
81,1,F,80, High,69,0
81,1,F,80, Low,313,0
81,1,F,125, High,14,0
81,1,F,125, Low,75,0
82,2,M,40, High,1450,5
82,2,M,40, Low,630,12
82,2,M,80, High,280,0
82,2,M,80, Low,105,3
82,2,M,125, High,37,0
82,2,M,125, Low,32,0
82,2,F,40, High,1417,5
82,2,F,40, Low,638,12
82,2,F,80, High,235,2
82,2,F,80, Low,104,2
82,2,F,125, High,55,0
82,2,F,125, Low,17,0
82,1,M,40, High,388,0
82,1,M,40, Low,1619,1
82,1,M,80, High,80,0
82,1,M,80, Low,300,0
82,1,M,125, High,14,0
82,1,M,125, Low,67,0
82,1,F,40, High,440,0
82,1,F,40, Low,1621,2
82,1,F,80, High,69,0
82,1,F,80, Low,312,0
82,1,F,125, High,14,0
82,1,F,125, Low,76,0
83,2,M,40, High,1450,6
83,2,M,40, Low,630,19
83,2,M,80, High,280,1
83,2,M,80, Low,105,6
83,2,M,125, High,37,1
83,2,M,125, Low,32,1
83,2,F,40, High,1417,6
83,2,F,40, Low,638,12
83,2,F,80, High,235,1
83,2,F,80, Low,104,3
83,2,F,125, High,55,0
83,2,F,125, Low,17,0
83,1,M,40, High,388,0
83,1,M,40, Low,1619,0
83,1,M,80, High,80,0
83,1,M,80, Low,300,0
83,1,M,125, High,14,0
83,1,M,125, Low,67,0
83,1,F,40, High,440,0
83,1,F,40, Low,1621,2
83,1,F,80, High,69,0
83,1,F,80, Low,312,1
83,1,F,125, High,14,0
83,1,F,125, Low,76,0
84,2,M,40, High,1450,6
84,2,M,40, Low,630,26
84,2,M,80, High,280,2
84,2,M,80, Low,105,8
84,2,M,125, High,37,0
84,2,M,125, Low,32,2
84,2,F,40, High,1417,10
84,2,F,40, Low,638,18
84,2,F,80, High,235,1
84,2,F,80, Low,104,3
84,2,F,125, High,55,0
84,2,F,125, Low,17,0
84,1,M,40, High,388,0
84,1,M,40, Low,1619,0
84,1,M,80, High,80,0
84,1,M,80, Low,300,0
84,1,M,125, High,14,0
84,1,M,125, Low,67,0
84,1,F,40, High,440,0
84,1,F,40, Low,1621,2
84,1,F,80, High,69,0
84,1,F,80, Low,312,1
84,1,F,125, High,14,0
84,1,F,125, Low,76,0
85,2,M,40, High,1450,5
85,2,M,40, Low,630,28
85,2,M,80, High,280,3
85,2,M,80, Low,105,6
85,2,M,125, High,37,0
85,2,M,125, Low,32,2
85,2,F,40, High,1417,11
85,2,F,40, Low,638,25
85,2,F,80, High,235,0
85,2,F,80, Low,104,4
85,2,F,125, High,55,0
85,2,F,125, Low,17,1
85,1,M,40, High,388,0
85,1,M,40, Low,1619,1
85,1,M,80, High,80,0
85,1,M,80, Low,300,0
85,1,M,125, High,14,0
85,1,M,125, Low,67,0
85,1,F,40, High,440,0
85,1,F,40, Low,1621,1
85,1,F,80, High,69,0
85,1,F,80, Low,312,0
85,1,F,125, High,14,0
85,1,F,125, Low,76,0
86,2,M,40, High,1450,10
86,2,M,40, Low,630,31
86,2,M,80, High,280,1
86,2,M,80, Low,105,6
86,2,M,125, High,37,0
86,2,M,125, Low,32,3
86,2,F,40, High,1417,7
86,2,F,40, Low,638,33
86,2,F,80, High,235,0
86,2,F,80, Low,104,5
86,2,F,125, High,55,0
86,2,F,125, Low,17,1
86,1,M,40, High,388,0
86,1,M,40, Low,1619,1
86,1,M,80, High,80,0
86,1,M,80, Low,300,0
86,1,M,125, High,14,0
86,1,M,125, Low,67,0
86,1,F,40, High,440,0
86,1,F,40, Low,1621,1
86,1,F,80, High,69,0
86,1,F,80, Low,312,0
86,1,F,125, High,14,0
86,1,F,125, Low,76,0
87,2,M,40, High,1450,11
87,2,M,40, Low,630,38
87,2,M,80, High,280,1
87,2,M,80, Low,105,6
87,2,M,125, High,37,0
87,2,M,125, Low,32,3
87,2,F,40, High,1417,8
87,2,F,40, Low,638,39
87,2,F,80, High,235,0
87,2,F,80, Low,104,8
87,2,F,125, High,55,0
87,2,F,125, Low,17,2
87,1,M,40, High,388,0
87,1,M,40, Low,1619,2
87,1,M,80, High,80,0
87,1,M,80, Low,300,0
87,1,M,125, High,14,0
87,1,M,125, Low,67,0
87,1,F,40, High,440,0
87,1,F,40, Low,1621,1
87,1,F,80, High,69,0
87,1,F,80, Low,312,0
87,1,F,125, High,14,0
87,1,F,125, Low,76,0
88,2,M,40, High,1450,14
88,2,M,40, Low,630,54
88,2,M,80, High,280,1
88,2,M,80, Low,105,7
88,2,M,125, High,37,0
88,2,M,125, Low,32,2
88,2,F,40, High,1417,12
88,2,F,40, Low,638,51
88,2,F,80, High,235,1
88,2,F,80, Low,104,8
88,2,F,125, High,55,0
88,2,F,125, Low,17,1
88,1,M,40, High,388,0
88,1,M,40, Low,1619,1
88,1,M,80, High,80,0
88,1,M,80, Low,300,0
88,1,M,125, High,14,0
88,1,M,125, Low,67,0
88,1,F,40, High,440,0
88,1,F,40, Low,1621,1
88,1,F,80, High,69,0
88,1,F,80, Low,312,0
88,1,F,125, High,14,0
88,1,F,125, Low,76,0
89,2,M,40, High,1450,21
89,2,M,40, Low,630,59
89,2,M,80, High,280,1
89,2,M,80, Low,105,8
89,2,M,125, High,37,0
89,2,M,125, Low,32,4
89,2,F,40, High,1417,15
89,2,F,40, Low,638,58
89,2,F,80, High,235,3
89,2,F,80, Low,104,14
89,2,F,125, High,55,0
89,2,F,125, Low,17,1
89,1,M,40, High,388,0
89,1,M,40, Low,1619,1
89,1,M,80, High,80,0
89,1,M,80, Low,300,0
89,1,M,125, High,14,0
89,1,M,125, Low,67,0
89,1,F,40, High,440,0
89,1,F,40, Low,1621,2
89,1,F,80, High,69,0
89,1,F,80, Low,312,0
89,1,F,125, High,14,0
89,1,F,125, Low,76,0
90,2,M,40, High,1450,23
90,2,M,40, Low,630,84
90,2,M,80, High,280,2
90,2,M,80, Low,105,13
90,2,M,125, High,37,0
90,2,M,125, Low,32,4
90,2,F,40, High,1417,19
90,2,F,40, Low,638,76
90,2,F,80, High,235,4
90,2,F,80, Low,104,16
90,2,F,125, High,55,0
90,2,F,125, Low,17,2
90,1,M,40, High,388,0
90,1,M,40, Low,1619,0
90,1,M,80, High,80,0
90,1,M,80, Low,300,0
90,1,M,125, High,14,0
90,1,M,125, Low,67,0
90,1,F,40, High,440,0
90,1,F,40, Low,1621,2
90,1,F,80, High,69,0
90,1,F,80, Low,312,0
90,1,F,125, High,14,0
90,1,F,125, Low,76,0
91,2,M,40, High,1450,28
91,2,M,40, Low,630,95
91,2,M,80, High,280,4
91,2,M,80, Low,105,16
91,2,M,125, High,37,0
91,2,M,125, Low,32,5
91,2,F,40, High,1417,23
91,2,F,40, Low,638,100
91,2,F,80, High,235,4
91,2,F,80, Low,104,18
91,2,F,125, High,55,0
91,2,F,125, Low,17,1
91,1,M,40, High,388,0
91,1,M,40, Low,1619,0
91,1,M,80, High,80,0
91,1,M,80, Low,300,0
91,1,M,125, High,14,0
91,1,M,125, Low,67,0
91,1,F,40, High,440,0
91,1,F,40, Low,1621,2
91,1,F,80, High,69,0
91,1,F,80, Low,312,0
91,1,F,125, High,14,0
91,1,F,125, Low,76,0
92,2,M,40, High,1450,39
92,2,M,40, Low,630,102
92,2,M,80, High,280,8
92,2,M,80, Low,105,18
92,2,M,125, High,37,0
92,2,M,125, Low,32,6
92,2,F,40, High,1417,30
92,2,F,40, Low,638,111
92,2,F,80, High,235,3
92,2,F,80, Low,104,19
92,2,F,125, High,55,0
92,2,F,125, Low,17,1
92,1,M,40, High,388,0
92,1,M,40, Low,1619,0
92,1,M,80, High,80,0
92,1,M,80, Low,300,0
92,1,M,125, High,14,0
92,1,M,125, Low,67,0
92,1,F,40, High,440,0
92,1,F,40, Low,1621,1
92,1,F,80, High,69,0
92,1,F,80, Low,312,0
92,1,F,125, High,14,0
92,1,F,125, Low,76,0
93,2,M,40, High,1450,47
93,2,M,40, Low,630,117
93,2,M,80, High,280,11
93,2,M,80, Low,105,19
93,2,M,125, High,37,0
93,2,M,125, Low,32,8
93,2,F,40, High,1417,35
93,2,F,40, Low,638,120
93,2,F,80, High,235,5
93,2,F,80, Low,104,28
93,2,F,125, High,55,0
93,2,F,125, Low,17,0
93,1,M,40, High,388,0
93,1,M,40, Low,1619,0
93,1,M,80, High,80,0
93,1,M,80, Low,300,0
93,1,M,125, High,14,0
93,1,M,125, Low,67,0
93,1,F,40, High,440,0
93,1,F,40, Low,1621,1
93,1,F,80, High,69,0
93,1,F,80, Low,312,0
93,1,F,125, High,14,0
93,1,F,125, Low,76,0
94,2,M,40, High,1450,46
94,2,M,40, Low,630,112
94,2,M,80, High,280,13
94,2,M,80, Low,105,15
94,2,M,125, High,37,0
94,2,M,125, Low,32,7
94,2,F,40, High,1417,39
94,2,F,40, Low,638,143
94,2,F,80, High,235,4
94,2,F,80, Low,103,32
94,2,F,125, High,55,0
94,2,F,125, Low,18,1
94,1,M,40, High,388,0
94,1,M,40, Low,1619,0
94,1,M,80, High,80,0
94,1,M,80, Low,300,0
94,1,M,125, High,14,0
94,1,M,125, Low,67,0
94,1,F,40, High,440,0
94,1,F,40, Low,1621,0
94,1,F,80, High,69,0
94,1,F,80, Low,312,0
94,1,F,125, High,14,0
94,1,F,125, Low,76,0
95,2,M,40, High,1450,55
95,2,M,40, Low,630,106
95,2,M,80, High,280,18
95,2,M,80, Low,105,14
95,2,M,125, High,37,0
95,2,M,125, Low,32,6
95,2,F,40, High,1417,49
95,2,F,40, Low,638,153
95,2,F,80, High,235,2
95,2,F,80, Low,103,36
95,2,F,125, High,55,1
95,2,F,125, Low,18,6
95,1,M,40, High,388,0
95,1,M,40, Low,1619,0
95,1,M,80, High,80,0
95,1,M,80, Low,300,0
95,1,M,125, High,14,0
95,1,M,125, Low,67,0
95,1,F,40, High,440,0
95,1,F,40, Low,1621,0
95,1,F,80, High,69,0
95,1,F,80, Low,312,0
95,1,F,125, High,14,0
95,1,F,125, Low,76,0
96,2,M,40, High,1450,61
96,2,M,40, Low,630,126
96,2,M,80, High,280,14
96,2,M,80, Low,105,18
96,2,M,125, High,37,1
96,2,M,125, Low,32,6
96,2,F,40, High,1417,59
96,2,F,40, Low,638,160
96,2,F,80, High,235,6
96,2,F,80, Low,103,33
96,2,F,125, High,55,2
96,2,F,125, Low,18,6
96,1,M,40, High,388,0
96,1,M,40, Low,1619,0
96,1,M,80, High,80,0
96,1,M,80, Low,300,0
96,1,M,125, High,14,0
96,1,M,125, Low,67,0
96,1,F,40, High,440,0
96,1,F,40, Low,1621,0
96,1,F,80, High,69,0
96,1,F,80, Low,312,0
96,1,F,125, High,14,0
96,1,F,125, Low,76,0
97,2,M,40, High,1450,64
97,2,M,40, Low,630,126
97,2,M,80, High,280,11
97,2,M,80, Low,105,15
97,2,M,125, High,37,1
97,2,M,125, Low,32,4
97,2,F,40, High,1417,56
97,2,F,40, Low,638,156
97,2,F,80, High,235,10
97,2,F,80, Low,103,29
97,2,F,125, High,55,2
97,2,F,125, Low,18,6
97,1,M,40, High,388,0
97,1,M,40, Low,1619,0
97,1,M,80, High,80,0
97,1,M,80, Low,300,0
97,1,M,125, High,14,0
97,1,M,125, Low,67,0
97,1,F,40, High,440,0
97,1,F,40, Low,1621,0
97,1,F,80, High,69,0
97,1,F,80, Low,312,0
97,1,F,125, High,14,0
97,1,F,125, Low,76,0
98,2,M,40, High,1450,72
98,2,M,40, Low,630,106
98,2,M,80, High,280,7
98,2,M,80, Low,105,18
98,2,M,125, High,37,1
98,2,M,125, Low,32,3
98,2,F,40, High,1417,61
98,2,F,40, Low,638,142
98,2,F,80, High,235,9
98,2,F,80, Low,103,23
98,2,F,125, High,55,2
98,2,F,125, Low,18,5
98,1,M,40, High,388,0
98,1,M,40, Low,1619,0
98,1,M,80, High,80,0
98,1,M,80, Low,300,0
98,1,M,125, High,14,0
98,1,M,125, Low,67,0
98,1,F,40, High,440,0
98,1,F,40, Low,1621,0
98,1,F,80, High,69,0
98,1,F,80, Low,312,0
98,1,F,125, High,14,0
98,1,F,125, Low,76,0
99,2,M,40, High,1450,70
99,2,M,40, Low,630,100
99,2,M,80, High,280,13
99,2,M,80, Low,105,15
99,2,M,125, High,37,1
99,2,M,125, Low,32,4
99,2,F,40, High,1417,68
99,2,F,40, Low,638,114
99,2,F,80, High,235,11
99,2,F,80, Low,103,23
99,2,F,125, High,55,5
99,2,F,125, Low,18,3
99,1,M,40, High,388,0
99,1,M,40, Low,1619,0
99,1,M,80, High,80,0
99,1,M,80, Low,300,0
99,1,M,125, High,14,0
99,1,M,125, Low,67,0
99,1,F,40, High,440,0
99,1,F,40, Low,1621,0
99,1,F,80, High,69,0
99,1,F,80, Low,312,0
99,1,F,125, High,14,0
99,1,F,125, Low,76,0
100,2,M,40, High,1450,73
100,2,M,40, Low,630,77
100,2,M,80, High,280,13
100,2,M,80, Low,104,10
100,2,M,125, High,37,2
100,2,M,125, Low,33,2
100,2,F,40, High,1417,55
100,2,F,40, Low,638,101
100,2,F,80, High,235,14
100,2,F,80, Low,103,16
100,2,F,125, High,55,6
100,2,F,125, Low,18,4
100,1,M,40, High,388,0
100,1,M,40, Low,1618,0
100,1,M,80, High,80,0
100,1,M,80, Low,301,0
100,1,M,125, High,14,0
100,1,M,125, Low,67,0
100,1,F,40, High,440,0
100,1,F,40, Low,1620,0
100,1,F,80, High,69,0
100,1,F,80, Low,313,0
100,1,F,125, High,14,0
100,1,F,125, Low,76,0
101,2,M,40, High,1450,70
101,2,M,40, Low,630,74
101,2,M,80, High,280,13
101,2,M,80, Low,104,8
101,2,M,125, High,37,2
101,2,M,125, Low,33,4
101,2,F,40, High,1417,66
101,2,F,40, Low,638,85
101,2,F,80, High,235,13
101,2,F,80, Low,103,13
101,2,F,125, High,55,7
101,2,F,125, Low,18,2
101,1,M,40, High,388,0
101,1,M,40, Low,1618,0
101,1,M,80, High,80,0
101,1,M,80, Low,301,0
101,1,M,125, High,14,0
101,1,M,125, Low,67,0
101,1,F,40, High,440,0
101,1,F,40, Low,1620,0
101,1,F,80, High,69,0
101,1,F,80, Low,313,0
101,1,F,125, High,14,0
101,1,F,125, Low,76,0
102,2,M,40, High,1450,63
102,2,M,40, Low,630,61
102,2,M,80, High,280,12
102,2,M,80, Low,104,6
102,2,M,125, High,37,2
102,2,M,125, Low,33,4
102,2,F,40, High,1417,57
102,2,F,40, Low,638,65
102,2,F,80, High,235,12
102,2,F,80, Low,103,7
102,2,F,125, High,55,5
102,2,F,125, Low,18,2
102,1,M,40, High,388,0
102,1,M,40, Low,1618,0
102,1,M,80, High,80,0
102,1,M,80, Low,301,0
102,1,M,125, High,14,0
102,1,M,125, Low,67,0
102,1,F,40, High,440,0
102,1,F,40, Low,1620,0
102,1,F,80, High,69,0
102,1,F,80, Low,313,0
102,1,F,125, High,14,0
102,1,F,125, Low,76,0
103,2,M,40, High,1450,46
103,2,M,40, Low,630,39
103,2,M,80, High,280,6
103,2,M,80, Low,104,7
103,2,M,125, High,37,0
103,2,M,125, Low,33,4
103,2,F,40, High,1417,53
103,2,F,40, Low,638,52
103,2,F,80, High,235,8
103,2,F,80, Low,103,2
103,2,F,125, High,55,3
103,2,F,125, Low,18,1
103,1,M,40, High,388,0
103,1,M,40, Low,1618,0
103,1,M,80, High,80,0
103,1,M,80, Low,301,0
103,1,M,125, High,14,0
103,1,M,125, Low,67,0
103,1,F,40, High,440,0
103,1,F,40, Low,1620,0
103,1,F,80, High,69,0
103,1,F,80, Low,313,0
103,1,F,125, High,14,0
103,1,F,125, Low,76,0
104,2,M,40, High,1450,40
104,2,M,40, Low,630,35
104,2,M,80, High,280,10
104,2,M,80, Low,104,4
104,2,M,125, High,37,0
104,2,M,125, Low,33,1
104,2,F,40, High,1417,49
104,2,F,40, Low,638,38
104,2,F,80, High,235,6
104,2,F,80, Low,103,3
104,2,F,125, High,55,6
104,2,F,125, Low,18,1
104,1,M,40, High,388,0
104,1,M,40, Low,1618,0
104,1,M,80, High,80,0
104,1,M,80, Low,301,0
104,1,M,125, High,14,0
104,1,M,125, Low,67,0
104,1,F,40, High,440,0
104,1,F,40, Low,1620,0
104,1,F,80, High,69,0
104,1,F,80, Low,313,0
104,1,F,125, High,14,0
104,1,F,125, Low,76,0
105,2,M,40, High,1450,35
105,2,M,40, Low,630,19
105,2,M,80, High,280,10
105,2,M,80, Low,104,4
105,2,M,125, High,37,1
105,2,M,125, Low,33,0
105,2,F,40, High,1417,38
105,2,F,40, Low,638,32
105,2,F,80, High,235,5
105,2,F,80, Low,103,2
105,2,F,125, High,55,6
105,2,F,125, Low,18,1
105,1,M,40, High,388,0
105,1,M,40, Low,1618,0
105,1,M,80, High,80,0
105,1,M,80, Low,301,0
105,1,M,125, High,14,0
105,1,M,125, Low,67,0
105,1,F,40, High,440,0
105,1,F,40, Low,1620,0
105,1,F,80, High,69,0
105,1,F,80, Low,313,0
105,1,F,125, High,14,0
105,1,F,125, Low,76,0
106,2,M,40, High,1450,23
106,2,M,40, Low,630,17
106,2,M,80, High,280,6
106,2,M,80, Low,104,3
106,2,M,125, High,37,0
106,2,M,125, Low,33,0
106,2,F,40, High,1417,33
106,2,F,40, Low,638,24
106,2,F,80, High,235,2
106,2,F,80, Low,103,1
106,2,F,125, High,55,4
106,2,F,125, Low,18,0
106,1,M,40, High,388,0
106,1,M,40, Low,1618,0
106,1,M,80, High,80,0
106,1,M,80, Low,301,0
106,1,M,125, High,14,0
106,1,M,125, Low,67,0
106,1,F,40, High,440,0
106,1,F,40, Low,1620,0
106,1,F,80, High,69,0
106,1,F,80, Low,313,0
106,1,F,125, High,14,0
106,1,F,125, Low,76,0
107,2,M,40, High,1450,18
107,2,M,40, Low,630,12
107,2,M,80, High,280,7
107,2,M,80, Low,104,1
107,2,M,125, High,37,0
107,2,M,125, Low,33,0
107,2,F,40, High,1417,28
107,2,F,40, Low,638,19
107,2,F,80, High,235,2
107,2,F,80, Low,103,1
107,2,F,125, High,55,1
107,2,F,125, Low,18,0
107,1,M,40, High,388,0
107,1,M,40, Low,1618,0
107,1,M,80, High,80,0
107,1,M,80, Low,301,0
107,1,M,125, High,14,0
107,1,M,125, Low,67,0
107,1,F,40, High,440,0
107,1,F,40, Low,1620,0
107,1,F,80, High,69,0
107,1,F,80, Low,313,0
107,1,F,125, High,14,0
107,1,F,125, Low,76,0
108,2,M,40, High,1450,15
108,2,M,40, Low,630,11
108,2,M,80, High,280,6
108,2,M,80, Low,104,1
108,2,M,125, High,37,0
108,2,M,125, Low,33,0
108,2,F,40, High,1417,20
108,2,F,40, Low,638,14
108,2,F,80, High,235,2
108,2,F,80, Low,103,1
108,2,F,125, High,55,1
108,2,F,125, Low,18,0
108,1,M,40, High,387,0
108,1,M,40, Low,1618,0
108,1,M,80, High,81,0
108,1,M,80, Low,301,0
108,1,M,125, High,14,0
108,1,M,125, Low,67,0
108,1,F,40, High,440,0
108,1,F,40, Low,1620,0
108,1,F,80, High,69,0
108,1,F,80, Low,313,0
108,1,F,125, High,14,0
108,1,F,125, Low,76,0
109,2,M,40, High,1450,15
109,2,M,40, Low,630,8
109,2,M,80, High,280,4
109,2,M,80, Low,104,1
109,2,M,125, High,37,2
109,2,M,125, Low,33,0
109,2,F,40, High,1417,10
109,2,F,40, Low,638,10
109,2,F,80, High,235,3
109,2,F,80, Low,103,0
109,2,F,125, High,55,1
109,2,F,125, Low,18,0
109,1,M,40, High,387,0
109,1,M,40, Low,1618,0
109,1,M,80, High,81,0
109,1,M,80, Low,301,0
109,1,M,125, High,14,0
109,1,M,125, Low,67,0
109,1,F,40, High,440,0
109,1,F,40, Low,1620,0
109,1,F,80, High,69,0
109,1,F,80, Low,313,0
109,1,F,125, High,14,0
109,1,F,125, Low,76,0
110,2,M,40, High,1450,13
110,2,M,40, Low,629,10
110,2,M,80, High,280,0
110,2,M,80, Low,105,0
110,2,M,125, High,37,1
110,2,M,125, Low,33,1
110,2,F,40, High,1417,7
110,2,F,40, Low,638,7
110,2,F,80, High,235,4
110,2,F,80, Low,103,1
110,2,F,125, High,55,1
110,2,F,125, Low,18,0
110,1,M,40, High,387,0
110,1,M,40, Low,1618,0
110,1,M,80, High,81,0
110,1,M,80, Low,301,0
110,1,M,125, High,14,0
110,1,M,125, Low,67,0
110,1,F,40, High,440,0
110,1,F,40, Low,1620,0
110,1,F,80, High,69,0
110,1,F,80, Low,313,0
110,1,F,125, High,14,0
110,1,F,125, Low,76,0
111,2,M,40, High,1450,9
111,2,M,40, Low,629,10
111,2,M,80, High,280,0
111,2,M,80, Low,105,0
111,2,M,125, High,37,1
111,2,M,125, Low,33,1
111,2,F,40, High,1417,8
111,2,F,40, Low,638,3
111,2,F,80, High,235,2
111,2,F,80, Low,103,1
111,2,F,125, High,55,1
111,2,F,125, Low,18,0
111,1,M,40, High,387,0
111,1,M,40, Low,1618,0
111,1,M,80, High,81,0
111,1,M,80, Low,301,0
111,1,M,125, High,14,0
111,1,M,125, Low,67,0
111,1,F,40, High,440,0
111,1,F,40, Low,1620,0
111,1,F,80, High,69,0
111,1,F,80, Low,313,0
111,1,F,125, High,14,0
111,1,F,125, Low,76,0
112,2,M,40, High,1450,7
112,2,M,40, Low,629,9
112,2,M,80, High,280,0
112,2,M,80, Low,105,0
112,2,M,125, High,37,1
112,2,M,125, Low,33,1
112,2,F,40, High,1417,5
112,2,F,40, Low,638,2
112,2,F,80, High,235,2
112,2,F,80, Low,103,2
112,2,F,125, High,55,1
112,2,F,125, Low,18,0
112,1,M,40, High,387,0
112,1,M,40, Low,1618,0
112,1,M,80, High,81,0
112,1,M,80, Low,301,0
112,1,M,125, High,14,0
112,1,M,125, Low,67,0
112,1,F,40, High,440,0
112,1,F,40, Low,1620,0
112,1,F,80, High,69,0
112,1,F,80, Low,313,0
112,1,F,125, High,14,0
112,1,F,125, Low,76,0
113,2,M,40, High,1450,8
113,2,M,40, Low,629,2
113,2,M,80, High,280,0
113,2,M,80, Low,105,0
113,2,M,125, High,37,0
113,2,M,125, Low,33,1
113,2,F,40, High,1417,6
113,2,F,40, Low,637,3
113,2,F,80, High,235,2
113,2,F,80, Low,104,2
113,2,F,125, High,55,1
113,2,F,125, Low,18,0
113,1,M,40, High,387,0
113,1,M,40, Low,1618,0
113,1,M,80, High,81,0
113,1,M,80, Low,301,0
113,1,M,125, High,14,0
113,1,M,125, Low,67,0
113,1,F,40, High,440,0
113,1,F,40, Low,1620,0
113,1,F,80, High,69,0
113,1,F,80, Low,313,0
113,1,F,125, High,14,0
113,1,F,125, Low,76,0
114,2,M,40, High,1450,6
114,2,M,40, Low,629,3
114,2,M,80, High,280,0
114,2,M,80, Low,105,0
114,2,M,125, High,37,0
114,2,M,125, Low,33,1
114,2,F,40, High,1417,6
114,2,F,40, Low,637,3
114,2,F,80, High,235,0
114,2,F,80, Low,104,2
114,2,F,125, High,55,0
114,2,F,125, Low,18,0
114,1,M,40, High,387,0
114,1,M,40, Low,1618,0
114,1,M,80, High,81,0
114,1,M,80, Low,301,0
114,1,M,125, High,14,0
114,1,M,125, Low,67,0
114,1,F,40, High,440,0
114,1,F,40, Low,1620,0
114,1,F,80, High,69,0
114,1,F,80, Low,313,0
114,1,F,125, High,14,0
114,1,F,125, Low,76,0
115,2,M,40, High,1450,7
115,2,M,40, Low,629,4
115,2,M,80, High,280,0
115,2,M,80, Low,105,0
115,2,M,125, High,37,0
115,2,M,125, Low,33,0
115,2,F,40, High,1417,5
115,2,F,40, Low,637,2
115,2,F,80, High,235,0
115,2,F,80, Low,104,2
115,2,F,125, High,55,0
115,2,F,125, Low,18,0
115,1,M,40, High,387,0
115,1,M,40, Low,1618,0
115,1,M,80, High,81,0
115,1,M,80, Low,301,0
115,1,M,125, High,14,0
115,1,M,125, Low,67,0
115,1,F,40, High,440,0
115,1,F,40, Low,1620,0
115,1,F,80, High,69,0
115,1,F,80, Low,313,0
115,1,F,125, High,14,0
115,1,F,125, Low,76,0
116,2,M,40, High,1450,7
116,2,M,40, Low,629,3
116,2,M,80, High,280,0
116,2,M,80, Low,105,0
116,2,M,125, High,37,0
116,2,M,125, Low,33,0
116,2,F,40, High,1417,6
116,2,F,40, Low,637,2
116,2,F,80, High,235,0
116,2,F,80, Low,104,2
116,2,F,125, High,55,0
116,2,F,125, Low,18,0
116,1,M,40, High,387,0
116,1,M,40, Low,1618,0
116,1,M,80, High,81,0
116,1,M,80, Low,301,0
116,1,M,125, High,14,0
116,1,M,125, Low,67,0
116,1,F,40, High,440,0
116,1,F,40, Low,1620,0
116,1,F,80, High,69,0
116,1,F,80, Low,313,0
116,1,F,125, High,14,0
116,1,F,125, Low,76,0
117,2,M,40, High,1450,6
117,2,M,40, Low,629,4
117,2,M,80, High,280,0
117,2,M,80, Low,105,0
117,2,M,125, High,37,0
117,2,M,125, Low,33,0
117,2,F,40, High,1417,5
117,2,F,40, Low,637,2
117,2,F,80, High,235,0
117,2,F,80, Low,104,1
117,2,F,125, High,55,0
117,2,F,125, Low,18,0
117,1,M,40, High,387,0
117,1,M,40, Low,1618,0
117,1,M,80, High,81,0
117,1,M,80, Low,301,0
117,1,M,125, High,14,0
117,1,M,125, Low,67,0
117,1,F,40, High,440,0
117,1,F,40, Low,1620,0
117,1,F,80, High,69,0
117,1,F,80, Low,313,0
117,1,F,125, High,14,0
117,1,F,125, Low,76,0
118,2,M,40, High,1450,8
118,2,M,40, Low,629,3
118,2,M,80, High,280,0
118,2,M,80, Low,105,0
118,2,M,125, High,37,0
118,2,M,125, Low,33,0
118,2,F,40, High,1416,7
118,2,F,40, Low,637,1
118,2,F,80, High,236,0
118,2,F,80, Low,104,1
118,2,F,125, High,55,0
118,2,F,125, Low,18,0
118,1,M,40, High,387,0
118,1,M,40, Low,1617,0
118,1,M,80, High,81,0
118,1,M,80, Low,302,0
118,1,M,125, High,14,0
118,1,M,125, Low,67,0
118,1,F,40, High,440,0
118,1,F,40, Low,1620,0
118,1,F,80, High,69,0
118,1,F,80, Low,313,0
118,1,F,125, High,14,0
118,1,F,125, Low,76,0
119,2,M,40, High,1450,7
119,2,M,40, Low,629,2
119,2,M,80, High,280,2
119,2,M,80, Low,105,0
119,2,M,125, High,37,0
119,2,M,125, Low,33,0
119,2,F,40, High,1416,6
119,2,F,40, Low,637,1
119,2,F,80, High,236,0
119,2,F,80, Low,104,1
119,2,F,125, High,55,0
119,2,F,125, Low,18,0
119,1,M,40, High,387,0
119,1,M,40, Low,1617,0
119,1,M,80, High,81,0
119,1,M,80, Low,302,0
119,1,M,125, High,14,0
119,1,M,125, Low,67,0
119,1,F,40, High,440,0
119,1,F,40, Low,1620,0
119,1,F,80, High,69,0
119,1,F,80, Low,313,0
119,1,F,125, High,14,0
119,1,F,125, Low,76,0
120,2,M,40, High,1450,7
120,2,M,40, Low,629,2
120,2,M,80, High,280,3
120,2,M,80, Low,105,0
120,2,M,125, High,37,0
120,2,M,125, Low,33,0
120,2,F,40, High,1416,4
120,2,F,40, Low,637,0
120,2,F,80, High,236,0
120,2,F,80, Low,104,0
120,2,F,125, High,55,0
120,2,F,125, Low,18,0
120,1,M,40, High,387,0
120,1,M,40, Low,1617,0
120,1,M,80, High,81,0
120,1,M,80, Low,302,0
120,1,M,125, High,14,0
120,1,M,125, Low,67,0
120,1,F,40, High,440,0
120,1,F,40, Low,1620,0
120,1,F,80, High,69,0
120,1,F,80, Low,313,0
120,1,F,125, High,14,0
120,1,F,125, Low,76,0
121,2,M,40, High,1449,5
121,2,M,40, Low,629,1
121,2,M,80, High,281,2
121,2,M,80, Low,105,0
121,2,M,125, High,37,0
121,2,M,125, Low,33,0
121,2,F,40, High,1416,4
121,2,F,40, Low,637,0
121,2,F,80, High,236,0
121,2,F,80, Low,104,0
121,2,F,125, High,55,0
121,2,F,125, Low,18,0
121,1,M,40, High,387,0
121,1,M,40, Low,1617,0
121,1,M,80, High,81,0
121,1,M,80, Low,302,0
121,1,M,125, High,14,0
121,1,M,125, Low,67,0
121,1,F,40, High,440,0
121,1,F,40, Low,1620,0
121,1,F,80, High,69,0
121,1,F,80, Low,313,0
121,1,F,125, High,14,0
121,1,F,125, Low,76,0
122,2,M,40, High,1449,4
122,2,M,40, Low,629,0
122,2,M,80, High,281,2
122,2,M,80, Low,105,0
122,2,M,125, High,37,0
122,2,M,125, Low,33,0
122,2,F,40, High,1416,5
122,2,F,40, Low,637,0
122,2,F,80, High,236,0
122,2,F,80, Low,104,0
122,2,F,125, High,55,0
122,2,F,125, Low,18,0
122,1,M,40, High,387,0
122,1,M,40, Low,1616,0
122,1,M,80, High,81,0
122,1,M,80, Low,303,0
122,1,M,125, High,14,0
122,1,M,125, Low,67,0
122,1,F,40, High,440,0
122,1,F,40, Low,1620,0
122,1,F,80, High,69,0
122,1,F,80, Low,313,0
122,1,F,125, High,14,0
122,1,F,125, Low,76,0
123,2,M,40, High,1449,2
123,2,M,40, Low,629,0
123,2,M,80, High,281,2
123,2,M,80, Low,105,0
123,2,M,125, High,37,0
123,2,M,125, Low,33,0
123,2,F,40, High,1416,4
123,2,F,40, Low,637,0
123,2,F,80, High,236,0
123,2,F,80, Low,104,0
123,2,F,125, High,55,0
123,2,F,125, Low,18,0
123,1,M,40, High,386,0
123,1,M,40, Low,1616,0
123,1,M,80, High,82,0
123,1,M,80, Low,303,0
123,1,M,125, High,14,0
123,1,M,125, Low,67,0
123,1,F,40, High,440,0
123,1,F,40, Low,1620,0
123,1,F,80, High,69,0
123,1,F,80, Low,313,0
123,1,F,125, High,14,0
123,1,F,125, Low,76,0
124,2,M,40, High,1449,1
124,2,M,40, Low,629,0
124,2,M,80, High,281,1
124,2,M,80, Low,105,0
124,2,M,125, High,37,0
124,2,M,125, Low,33,0
124,2,F,40, High,1416,1
124,2,F,40, Low,637,0
124,2,F,80, High,236,0
124,2,F,80, Low,104,0
124,2,F,125, High,55,0
124,2,F,125, Low,18,0
124,1,M,40, High,386,0
124,1,M,40, Low,1616,0
124,1,M,80, High,82,0
124,1,M,80, Low,303,0
124,1,M,125, High,14,0
124,1,M,125, Low,67,0
124,1,F,40, High,440,0
124,1,F,40, Low,1620,0
124,1,F,80, High,69,0
124,1,F,80, Low,313,0
124,1,F,125, High,14,0
124,1,F,125, Low,76,0
125,2,M,40, High,1449,0
125,2,M,40, Low,629,0
125,2,M,80, High,281,0
125,2,M,80, Low,105,0
125,2,M,125, High,37,0
125,2,M,125, Low,33,0
125,2,F,40, High,1416,0
125,2,F,40, Low,636,0
125,2,F,80, High,236,0
125,2,F,80, Low,105,0
125,2,F,125, High,55,0
125,2,F,125, Low,18,0
125,1,M,40, High,386,0
125,1,M,40, Low,1616,0
125,1,M,80, High,82,0
125,1,M,80, Low,303,0
125,1,M,125, High,14,0
125,1,M,125, Low,67,0
125,1,F,40, High,440,0
125,1,F,40, Low,1620,0
125,1,F,80, High,69,0
125,1,F,80, Low,313,0
125,1,F,125, High,14,0
125,1,F,125, Low,76,0
126,2,M,40, High,1449,0
126,2,M,40, Low,629,0
126,2,M,80, High,281,0
126,2,M,80, Low,105,0
126,2,M,125, High,37,0
126,2,M,125, Low,33,0
126,2,F,40, High,1416,0
126,2,F,40, Low,636,0
126,2,F,80, High,236,0
126,2,F,80, Low,105,0
126,2,F,125, High,55,0
126,2,F,125, Low,18,0
126,1,M,40, High,386,0
126,1,M,40, Low,1616,0
126,1,M,80, High,82,0
126,1,M,80, Low,303,0
126,1,M,125, High,14,0
126,1,M,125, Low,67,0
126,1,F,40, High,440,0
126,1,F,40, Low,1620,0
126,1,F,80, High,69,0
126,1,F,80, Low,313,0
126,1,F,125, High,14,0
126,1,F,125, Low,76,0
127,2,M,40, High,1449,0
127,2,M,40, Low,629,0
127,2,M,80, High,281,0
127,2,M,80, Low,105,0
127,2,M,125, High,37,0
127,2,M,125, Low,33,0
127,2,F,40, High,1416,0
127,2,F,40, Low,636,0
127,2,F,80, High,236,0
127,2,F,80, Low,104,0
127,2,F,125, High,55,0
127,2,F,125, Low,19,0
127,1,M,40, High,386,0
127,1,M,40, Low,1616,0
127,1,M,80, High,82,0
127,1,M,80, Low,303,0
127,1,M,125, High,14,0
127,1,M,125, Low,67,0
127,1,F,40, High,440,0
127,1,F,40, Low,1620,0
127,1,F,80, High,69,0
127,1,F,80, Low,313,0
127,1,F,125, High,14,0
127,1,F,125, Low,76,0
128,2,M,40, High,1449,0
128,2,M,40, Low,629,0
128,2,M,80, High,281,0
128,2,M,80, Low,105,0
128,2,M,125, High,37,0
128,2,M,125, Low,33,0
128,2,F,40, High,1416,0
128,2,F,40, Low,636,0
128,2,F,80, High,236,0
128,2,F,80, Low,104,0
128,2,F,125, High,55,0
128,2,F,125, Low,19,0
128,1,M,40, High,386,0
128,1,M,40, Low,1616,0
128,1,M,80, High,82,0
128,1,M,80, Low,303,0
128,1,M,125, High,14,0
128,1,M,125, Low,67,0
128,1,F,40, High,440,0
128,1,F,40, Low,1620,0
128,1,F,80, High,69,0
128,1,F,80, Low,313,0
128,1,F,125, High,14,0
128,1,F,125, Low,76,0
129,2,M,40, High,1449,0
129,2,M,40, Low,629,0
129,2,M,80, High,281,0
129,2,M,80, Low,105,0
129,2,M,125, High,37,0
129,2,M,125, Low,33,0
129,2,F,40, High,1416,0
129,2,F,40, Low,636,0
129,2,F,80, High,236,0
129,2,F,80, Low,104,0
129,2,F,125, High,55,0
129,2,F,125, Low,19,0
129,1,M,40, High,386,0
129,1,M,40, Low,1616,0
129,1,M,80, High,82,0
129,1,M,80, Low,303,0
129,1,M,125, High,14,0
129,1,M,125, Low,67,0
129,1,F,40, High,440,0
129,1,F,40, Low,1620,0
129,1,F,80, High,69,0
129,1,F,80, Low,313,0
129,1,F,125, High,14,0
129,1,F,125, Low,76,0
130,2,M,40, High,1449,0
130,2,M,40, Low,629,0
130,2,M,80, High,281,0
130,2,M,80, Low,105,0
130,2,M,125, High,37,0
130,2,M,125, Low,33,0
130,2,F,40, High,1416,0
130,2,F,40, Low,636,0
130,2,F,80, High,236,0
130,2,F,80, Low,104,0
130,2,F,125, High,55,0
130,2,F,125, Low,19,0
130,1,M,40, High,386,0
130,1,M,40, Low,1616,0
130,1,M,80, High,82,0
130,1,M,80, Low,303,0
130,1,M,125, High,14,0
130,1,M,125, Low,67,0
130,1,F,40, High,440,0
130,1,F,40, Low,1620,0
130,1,F,80, High,69,0
130,1,F,80, Low,313,0
130,1,F,125, High,14,0
130,1,F,125, Low,76,0
131,2,M,40, High,1449,0
131,2,M,40, Low,629,0
131,2,M,80, High,281,0
131,2,M,80, Low,105,0
131,2,M,125, High,37,0
131,2,M,125, Low,33,0
131,2,F,40, High,1416,0
131,2,F,40, Low,636,0
131,2,F,80, High,236,0
131,2,F,80, Low,104,0
131,2,F,125, High,55,0
131,2,F,125, Low,19,0
131,1,M,40, High,386,0
131,1,M,40, Low,1616,0
131,1,M,80, High,82,0
131,1,M,80, Low,303,0
131,1,M,125, High,14,0
131,1,M,125, Low,67,0
131,1,F,40, High,440,0
131,1,F,40, Low,1620,0
131,1,F,80, High,69,0
131,1,F,80, Low,313,0
131,1,F,125, High,14,0
131,1,F,125, Low,76,0
132,2,M,40, High,1449,0
132,2,M,40, Low,629,0
132,2,M,80, High,281,0
132,2,M,80, Low,105,0
132,2,M,125, High,37,0
132,2,M,125, Low,33,0
132,2,F,40, High,1416,0
132,2,F,40, Low,636,0
132,2,F,80, High,236,0
132,2,F,80, Low,104,0
132,2,F,125, High,55,0
132,2,F,125, Low,19,0
132,1,M,40, High,386,0
132,1,M,40, Low,1616,0
132,1,M,80, High,82,0
132,1,M,80, Low,303,0
132,1,M,125, High,14,0
132,1,M,125, Low,67,0
132,1,F,40, High,440,0
132,1,F,40, Low,1620,0
132,1,F,80, High,69,0
132,1,F,80, Low,313,0
132,1,F,125, High,14,0
132,1,F,125, Low,76,0
133,2,M,40, High,1449,0
133,2,M,40, Low,629,0
133,2,M,80, High,281,0
133,2,M,80, Low,105,0
133,2,M,125, High,37,0
133,2,M,125, Low,33,0
133,2,F,40, High,1416,0
133,2,F,40, Low,636,0
133,2,F,80, High,236,0
133,2,F,80, Low,104,0
133,2,F,125, High,55,0
133,2,F,125, Low,19,0
133,1,M,40, High,386,0
133,1,M,40, Low,1616,0
133,1,M,80, High,82,0
133,1,M,80, Low,302,0
133,1,M,125, High,14,0
133,1,M,125, Low,68,0
133,1,F,40, High,440,0
133,1,F,40, Low,1620,0
133,1,F,80, High,69,0
133,1,F,80, Low,313,0
133,1,F,125, High,14,0
133,1,F,125, Low,76,0
134,2,M,40, High,1449,0
134,2,M,40, Low,629,0
134,2,M,80, High,281,0
134,2,M,80, Low,105,0
134,2,M,125, High,37,0
134,2,M,125, Low,33,0
134,2,F,40, High,1416,0
134,2,F,40, Low,636,0
134,2,F,80, High,236,0
134,2,F,80, Low,104,0
134,2,F,125, High,55,0
134,2,F,125, Low,19,0
134,1,M,40, High,386,0
134,1,M,40, Low,1616,0
134,1,M,80, High,82,0
134,1,M,80, Low,302,0
134,1,M,125, High,14,0
134,1,M,125, Low,68,0
134,1,F,40, High,440,0
134,1,F,40, Low,1620,0
134,1,F,80, High,69,0
134,1,F,80, Low,313,0
134,1,F,125, High,14,0
134,1,F,125, Low,76,0
135,2,M,40, High,1449,0
135,2,M,40, Low,629,0
135,2,M,80, High,281,0
135,2,M,80, Low,105,0
135,2,M,125, High,37,0
135,2,M,125, Low,33,0
135,2,F,40, High,1416,0
135,2,F,40, Low,636,0
135,2,F,80, High,236,0
135,2,F,80, Low,104,0
135,2,F,125, High,55,0
135,2,F,125, Low,19,0
135,1,M,40, High,386,0
135,1,M,40, Low,1616,0
135,1,M,80, High,82,0
135,1,M,80, Low,302,0
135,1,M,125, High,14,0
135,1,M,125, Low,68,0
135,1,F,40, High,440,0
135,1,F,40, Low,1620,0
135,1,F,80, High,69,0
135,1,F,80, Low,313,0
135,1,F,125, High,14,0
135,1,F,125, Low,76,0
136,2,M,40, High,1449,0
136,2,M,40, Low,629,0
136,2,M,80, High,281,0
136,2,M,80, Low,105,0
136,2,M,125, High,37,0
136,2,M,125, Low,33,0
136,2,F,40, High,1416,0
136,2,F,40, Low,636,0
136,2,F,80, High,236,0
136,2,F,80, Low,104,0
136,2,F,125, High,55,0
136,2,F,125, Low,19,0
136,1,M,40, High,386,0
136,1,M,40, Low,1616,0
136,1,M,80, High,82,0
136,1,M,80, Low,302,0
136,1,M,125, High,14,0
136,1,M,125, Low,68,0
136,1,F,40, High,440,0
136,1,F,40, Low,1620,0
136,1,F,80, High,69,0
136,1,F,80, Low,313,0
136,1,F,125, High,14,0
136,1,F,125, Low,76,0
137,2,M,40, High,1449,0
137,2,M,40, Low,629,0
137,2,M,80, High,281,0
137,2,M,80, Low,105,0
137,2,M,125, High,37,0
137,2,M,125, Low,33,0
137,2,F,40, High,1416,0
137,2,F,40, Low,636,0
137,2,F,80, High,236,0
137,2,F,80, Low,104,0
137,2,F,125, High,55,0
137,2,F,125, Low,19,0
137,1,M,40, High,386,0
137,1,M,40, Low,1616,0
137,1,M,80, High,82,0
137,1,M,80, Low,302,0
137,1,M,125, High,14,0
137,1,M,125, Low,68,0
137,1,F,40, High,440,0
137,1,F,40, Low,1620,0
137,1,F,80, High,69,0
137,1,F,80, Low,313,0
137,1,F,125, High,14,0
137,1,F,125, Low,76,0
138,2,M,40, High,1449,0
138,2,M,40, Low,629,0
138,2,M,80, High,281,0
138,2,M,80, Low,105,0
138,2,M,125, High,37,0
138,2,M,125, Low,33,0
138,2,F,40, High,1416,0
138,2,F,40, Low,636,0
138,2,F,80, High,236,0
138,2,F,80, Low,104,0
138,2,F,125, High,55,0
138,2,F,125, Low,19,0
138,1,M,40, High,386,0
138,1,M,40, Low,1616,0
138,1,M,80, High,82,0
138,1,M,80, Low,302,0
138,1,M,125, High,14,0
138,1,M,125, Low,68,0
138,1,F,40, High,440,0
138,1,F,40, Low,1620,0
138,1,F,80, High,69,0
138,1,F,80, Low,313,0
138,1,F,125, High,14,0
138,1,F,125, Low,76,0
139,2,M,40, High,1449,0
139,2,M,40, Low,629,0
139,2,M,80, High,281,0
139,2,M,80, Low,105,0
139,2,M,125, High,37,0
139,2,M,125, Low,33,0
139,2,F,40, High,1416,0
139,2,F,40, Low,636,0
139,2,F,80, High,236,0
139,2,F,80, Low,104,0
139,2,F,125, High,55,0
139,2,F,125, Low,19,0
139,1,M,40, High,386,0
139,1,M,40, Low,1616,0
139,1,M,80, High,82,0
139,1,M,80, Low,302,0
139,1,M,125, High,14,0
139,1,M,125, Low,68,0
139,1,F,40, High,440,0
139,1,F,40, Low,1620,0
139,1,F,80, High,69,0
139,1,F,80, Low,313,0
139,1,F,125, High,14,0
139,1,F,125, Low,76,0
140,2,M,40, High,1449,0
140,2,M,40, Low,629,0
140,2,M,80, High,281,0
140,2,M,80, Low,105,0
140,2,M,125, High,37,0
140,2,M,125, Low,33,0
140,2,F,40, High,1416,0
140,2,F,40, Low,636,0
140,2,F,80, High,236,0
140,2,F,80, Low,104,0
140,2,F,125, High,55,0
140,2,F,125, Low,19,0
140,1,M,40, High,386,0
140,1,M,40, Low,1616,0
140,1,M,80, High,82,0
140,1,M,80, Low,302,0
140,1,M,125, High,14,0
140,1,M,125, Low,68,0
140,1,F,40, High,440,0
140,1,F,40, Low,1620,0
140,1,F,80, High,69,0
140,1,F,80, Low,313,0
140,1,F,125, High,14,0
140,1,F,125, Low,76,0
141,2,M,40, High,1449,0
141,2,M,40, Low,629,0
141,2,M,80, High,281,0
141,2,M,80, Low,105,0
141,2,M,125, High,37,0
141,2,M,125, Low,33,0
141,2,F,40, High,1416,0
141,2,F,40, Low,636,0
141,2,F,80, High,236,0
141,2,F,80, Low,104,0
141,2,F,125, High,55,0
141,2,F,125, Low,19,0
141,1,M,40, High,386,0
141,1,M,40, Low,1616,0
141,1,M,80, High,82,0
141,1,M,80, Low,302,0
141,1,M,125, High,14,0
141,1,M,125, Low,68,0
141,1,F,40, High,440,0
141,1,F,40, Low,1620,0
141,1,F,80, High,69,0
141,1,F,80, Low,313,0
141,1,F,125, High,14,0
141,1,F,125, Low,76,0
142,2,M,40, High,1449,0
142,2,M,40, Low,629,0
142,2,M,80, High,281,0
142,2,M,80, Low,105,0
142,2,M,125, High,37,0
142,2,M,125, Low,33,0
142,2,F,40, High,1416,0
142,2,F,40, Low,636,0
142,2,F,80, High,236,0
142,2,F,80, Low,104,0
142,2,F,125, High,55,0
142,2,F,125, Low,19,0
142,1,M,40, High,386,0
142,1,M,40, Low,1616,0
142,1,M,80, High,82,0
142,1,M,80, Low,302,0
142,1,M,125, High,14,0
142,1,M,125, Low,68,0
142,1,F,40, High,440,0
142,1,F,40, Low,1620,0
142,1,F,80, High,69,0
142,1,F,80, Low,313,0
142,1,F,125, High,14,0
142,1,F,125, Low,76,0
143,2,M,40, High,1448,0
143,2,M,40, Low,629,0
143,2,M,80, High,282,0
143,2,M,80, Low,105,0
143,2,M,125, High,37,0
143,2,M,125, Low,33,0
143,2,F,40, High,1416,0
143,2,F,40, Low,636,0
143,2,F,80, High,236,0
143,2,F,80, Low,104,0
143,2,F,125, High,55,0
143,2,F,125, Low,19,0
143,1,M,40, High,386,0
143,1,M,40, Low,1616,0
143,1,M,80, High,82,0
143,1,M,80, Low,302,0
143,1,M,125, High,14,0
143,1,M,125, Low,68,0
143,1,F,40, High,440,0
143,1,F,40, Low,1620,0
143,1,F,80, High,69,0
143,1,F,80, Low,313,0
143,1,F,125, High,14,0
143,1,F,125, Low,76,0
144,2,M,40, High,1448,0
144,2,M,40, Low,629,0
144,2,M,80, High,282,0
144,2,M,80, Low,105,0
144,2,M,125, High,37,0
144,2,M,125, Low,33,0
144,2,F,40, High,1415,0
144,2,F,40, Low,636,0
144,2,F,80, High,237,0
144,2,F,80, Low,104,0
144,2,F,125, High,55,0
144,2,F,125, Low,19,0
144,1,M,40, High,386,0
144,1,M,40, Low,1615,0
144,1,M,80, High,82,0
144,1,M,80, Low,303,0
144,1,M,125, High,14,0
144,1,M,125, Low,68,0
144,1,F,40, High,440,0
144,1,F,40, Low,1620,0
144,1,F,80, High,69,0
144,1,F,80, Low,313,0
144,1,F,125, High,14,0
144,1,F,125, Low,76,0
145,2,M,40, High,1448,0
145,2,M,40, Low,629,0
145,2,M,80, High,282,0
145,2,M,80, Low,105,0
145,2,M,125, High,37,0
145,2,M,125, Low,33,0
145,2,F,40, High,1415,0
145,2,F,40, Low,636,0
145,2,F,80, High,237,0
145,2,F,80, Low,104,0
145,2,F,125, High,55,0
145,2,F,125, Low,19,0
145,1,M,40, High,386,0
145,1,M,40, Low,1615,0
145,1,M,80, High,82,0
145,1,M,80, Low,303,0
145,1,M,125, High,14,0
145,1,M,125, Low,68,0
145,1,F,40, High,440,0
145,1,F,40, Low,1620,0
145,1,F,80, High,69,0
145,1,F,80, Low,313,0
145,1,F,125, High,14,0
145,1,F,125, Low,76,0
146,2,M,40, High,1448,0
146,2,M,40, Low,629,0
146,2,M,80, High,282,0
146,2,M,80, Low,105,0
146,2,M,125, High,37,0
146,2,M,125, Low,33,0
146,2,F,40, High,1415,0
146,2,F,40, Low,636,0
146,2,F,80, High,237,0
146,2,F,80, Low,104,0
146,2,F,125, High,55,0
146,2,F,125, Low,19,0
146,1,M,40, High,386,0
146,1,M,40, Low,1615,0
146,1,M,80, High,82,0
146,1,M,80, Low,303,0
146,1,M,125, High,14,0
146,1,M,125, Low,68,0
146,1,F,40, High,440,0
146,1,F,40, Low,1620,0
146,1,F,80, High,69,0
146,1,F,80, Low,313,0
146,1,F,125, High,14,0
146,1,F,125, Low,76,0
147,2,M,40, High,1448,0
147,2,M,40, Low,629,0
147,2,M,80, High,282,0
147,2,M,80, Low,105,0
147,2,M,125, High,37,0
147,2,M,125, Low,33,0
147,2,F,40, High,1415,0
147,2,F,40, Low,636,0
147,2,F,80, High,237,0
147,2,F,80, Low,104,0
147,2,F,125, High,55,0
147,2,F,125, Low,19,0
147,1,M,40, High,386,0
147,1,M,40, Low,1614,0
147,1,M,80, High,82,0
147,1,M,80, Low,304,0
147,1,M,125, High,14,0
147,1,M,125, Low,68,0
147,1,F,40, High,440,0
147,1,F,40, Low,1619,0
147,1,F,80, High,69,0
147,1,F,80, Low,314,0
147,1,F,125, High,14,0
147,1,F,125, Low,76,0
148,2,M,40, High,1448,0
148,2,M,40, Low,629,0
148,2,M,80, High,282,0
148,2,M,80, Low,105,0
148,2,M,125, High,37,0
148,2,M,125, Low,33,0
148,2,F,40, High,1415,0
148,2,F,40, Low,636,0
148,2,F,80, High,237,0
148,2,F,80, Low,104,0
148,2,F,125, High,55,0
148,2,F,125, Low,19,0
148,1,M,40, High,386,0
148,1,M,40, Low,1614,0
148,1,M,80, High,82,0
148,1,M,80, Low,304,0
148,1,M,125, High,14,0
148,1,M,125, Low,68,0
148,1,F,40, High,440,0
148,1,F,40, Low,1619,0
148,1,F,80, High,69,0
148,1,F,80, Low,314,0
148,1,F,125, High,14,0
148,1,F,125, Low,76,0
149,2,M,40, High,1448,0
149,2,M,40, Low,629,0
149,2,M,80, High,282,0
149,2,M,80, Low,105,0
149,2,M,125, High,37,0
149,2,M,125, Low,33,0
149,2,F,40, High,1415,0
149,2,F,40, Low,636,0
149,2,F,80, High,237,0
149,2,F,80, Low,104,0
149,2,F,125, High,55,0
149,2,F,125, Low,19,0
149,1,M,40, High,386,0
149,1,M,40, Low,1614,0
149,1,M,80, High,82,0
149,1,M,80, Low,304,0
149,1,M,125, High,14,0
149,1,M,125, Low,68,0
149,1,F,40, High,440,0
149,1,F,40, Low,1619,0
149,1,F,80, High,69,0
149,1,F,80, Low,314,0
149,1,F,125, High,14,0
149,1,F,125, Low,76,0
